-- MySQL dump 10.13  Distrib 8.0.36, for Win64 (x86_64)
--
-- Host: 127.0.0.1    Database: testdb_spring
-- ------------------------------------------------------
-- Server version	8.4.0

/*!40101 SET @OLD_CHARACTER_SET_CLIENT=@@CHARACTER_SET_CLIENT */;
/*!40101 SET @OLD_CHARACTER_SET_RESULTS=@@CHARACTER_SET_RESULTS */;
/*!40101 SET @OLD_COLLATION_CONNECTION=@@COLLATION_CONNECTION */;
/*!50503 SET NAMES utf8 */;
/*!40103 SET @OLD_TIME_ZONE=@@TIME_ZONE */;
/*!40103 SET TIME_ZONE='+00:00' */;
/*!40014 SET @OLD_UNIQUE_CHECKS=@@UNIQUE_CHECKS, UNIQUE_CHECKS=0 */;
/*!40014 SET @OLD_FOREIGN_KEY_CHECKS=@@FOREIGN_KEY_CHECKS, FOREIGN_KEY_CHECKS=0 */;
/*!40101 SET @OLD_SQL_MODE=@@SQL_MODE, SQL_MODE='NO_AUTO_VALUE_ON_ZERO' */;
/*!40111 SET @OLD_SQL_NOTES=@@SQL_NOTES, SQL_NOTES=0 */;

--
-- Table structure for table `employees`
--

DROP TABLE IF EXISTS `employees`;
/*!40101 SET @saved_cs_client     = @@character_set_client */;
/*!50503 SET character_set_client = utf8mb4 */;
CREATE TABLE `employees` (
  `id` bigint NOT NULL AUTO_INCREMENT,
  `email_id` varchar(255) DEFAULT NULL,
  `first_name` varchar(255) DEFAULT NULL,
  `last_name` varchar(255) DEFAULT NULL,
  PRIMARY KEY (`id`)
) ENGINE=InnoDB AUTO_INCREMENT=4 DEFAULT CHARSET=utf8mb4 COLLATE=utf8mb4_0900_ai_ci;
/*!40101 SET character_set_client = @saved_cs_client */;

--
-- Dumping data for table `employees`
--

LOCK TABLES `employees` WRITE;
/*!40000 ALTER TABLE `employees` DISABLE KEYS */;
INSERT INTO `employees` VALUES (1,'tinhpham@gmail.com','Doan Tinh','Pham'),(2,'hoang@gmail.com','Hoang','Nguyen'),(3,'tungphamdoan2509@gmail.com','Doãn Tùng','Phạm');
/*!40000 ALTER TABLE `employees` ENABLE KEYS */;
UNLOCK TABLES;

--
-- Table structure for table `images`
--

DROP TABLE IF EXISTS `images`;
/*!40101 SET @saved_cs_client     = @@character_set_client */;
/*!50503 SET character_set_client = utf8mb4 */;
CREATE TABLE `images` (
  `id` bigint NOT NULL AUTO_INCREMENT,
  `imagelink` varchar(255) DEFAULT NULL,
  PRIMARY KEY (`id`)
) ENGINE=InnoDB AUTO_INCREMENT=125 DEFAULT CHARSET=utf8mb4 COLLATE=utf8mb4_0900_ai_ci;
/*!40101 SET character_set_client = @saved_cs_client */;

--
-- Dumping data for table `images`
--

LOCK TABLES `images` WRITE;
/*!40000 ALTER TABLE `images` DISABLE KEYS */;
INSERT INTO `images` VALUES (1,'https://m.media-amazon.com/images/I/71w9I5LAUZL.jpg'),(2,'https://m.media-amazon.com/images/I/71TCFwrskRL._AC_SX679_.jpg'),(3,'https://m.media-amazon.com/images/I/71KGIiceY-L._AC_SX679_.jpg'),(4,'https://m.media-amazon.com/images/I/61Oq9Iv8UhL.jpg'),(5,'https://m.media-amazon.com/images/I/51h+NmzYHLL._AC_SX679_.jpg'),(6,'https://m.media-amazon.com/images/I/51XmajOZATL._AC_SX679_.jpg'),(7,'https://m.media-amazon.com/images/I/81W3s4ZWMXL.jpg'),(8,'https://m.media-amazon.com/images/I/81iGgxdBcHL._AC_SX679_.jpg'),(9,'https://m.media-amazon.com/images/I/71tmUKvm1eL._AC_SX679_.jpg'),(10,'https://m.media-amazon.com/images/I/31MQgbpmcSL._AC_SY780_.jpg'),(11,'https://m.media-amazon.com/images/I/81AkdxBCVpL._AC_SX679_.jpg'),(12,'https://m.media-amazon.com/images/I/91xkiFp-lzL._AC_SX679_.jpg'),(13,'https://m.media-amazon.com/images/I/61gN58M6OXL._AC_SX679_.jpg'),(14,'https://m.media-amazon.com/images/I/41k52BqPcFL._AC_SX679_.jpg'),(15,'https://m.media-amazon.com/images/I/413yODSEKsL._AC_.jpg'),(16,'https://m.media-amazon.com/images/I/71HV-xAiyML._AC_SX679_.jpg'),(17,'https://m.media-amazon.com/images/I/918ZagKPirL._AC_SX679_.jpg'),(18,'https://m.media-amazon.com/images/I/81s09Lsv-mL._AC_SX679_.jpg'),(19,'https://m.media-amazon.com/images/I/61kEZ+2VX+L._AC_SX679_.jpg'),(20,'https://m.media-amazon.com/images/I/71Ck5iSwVtL._AC_SX679_.jpg'),(21,'https://m.media-amazon.com/images/I/71pvd5LWgwL._AC_SX679_.jpg'),(22,'https://m.media-amazon.com/images/I/81qohiv33aL._AC_SX679_.jpg'),(23,'https://m.media-amazon.com/images/I/81mlhJq4JbL._AC_SX679_.jpg'),(24,'https://m.media-amazon.com/images/I/71yZp-Ru4WL._AC_SX679_.jpg'),(25,'https://m.media-amazon.com/images/I/31KUAop6x6L._AC_.jpg'),(26,'https://m.media-amazon.com/images/I/311wmWAZq8L._AC_.jpg'),(27,'https://m.media-amazon.com/images/I/21gcxMSlrXL._AC_.jpg'),(28,'https://m.media-amazon.com/images/I/51Ctf05l7EL._AC_SX679_.jpg'),(29,'https://m.media-amazon.com/images/I/61iWNQ9SUzL._AC_SX679_.jpg'),(30,'https://m.media-amazon.com/images/I/51zP3j99MbL._AC_SX679_.jpg'),(31,'https://m.media-amazon.com/images/I/51PptKyIYbL._AC_SX679_.jpg'),(32,'https://m.media-amazon.com/images/I/5181KF5br-L._AC_SX679_.jpg'),(33,'https://m.media-amazon.com/images/I/417ch4TBOCL._AC_SX679_.jpg'),(34,'https://m.media-amazon.com/images/I/61NRYreJ2cL._AC_SX679_.jpg'),(35,'https://tejarra-media.s3.amazonaws.com/98033/conversions/71CVoc1XVIL._AC_SL1500_-medium.jpg'),(36,'https://www.digitaltrends.com/wp-content/uploads/2020/12/macbook-pro-m1-08.jpg?p=1'),(37,'https://m.media-amazon.com/images/I/61sP4BS5aZS._AC_SX679_.jpg'),(38,'https://m.media-amazon.com/images/I/71gfCiUuRWS._AC_SX679_.jpg'),(39,'https://m.media-amazon.com/images/I/71dk0lH+kgL._AC_SX679_.jpg'),(40,'https://m.media-amazon.com/images/I/419iRv0TWxL._AC_.jpg'),(41,'https://m.media-amazon.com/images/I/81RxXkllb6L._AC_SX679_.jpg'),(42,'https://m.media-amazon.com/images/I/811x34QKvRL._AC_SX679_.jpg'),(43,'https://m.media-amazon.com/images/I/51WsbKImsEL._AC_SX679_.jpg'),(44,'https://m.media-amazon.com/images/I/31CTfYOhT3L._AC_SX679_.jpg'),(45,'https://m.media-amazon.com/images/I/512jZU1nAoS._AC_.jpg'),(46,'https://m.media-amazon.com/images/I/619zdQE+B-S._AC_SX679_.jpg'),(47,'https://m.media-amazon.com/images/I/41-kgPhCrZS._AC_.jpg'),(48,'https://m.media-amazon.com/images/I/61Nt8geXzWL._AC_SX679_.jpg'),(49,'https://m.media-amazon.com/images/I/61NIjLGSF1L._AC_SX679_.jpg'),(50,'https://m.media-amazon.com/images/I/61dAFDD05RL._AC_SX679_.jpg'),(51,'https://m.media-amazon.com/images/I/614aoFbb-qL._AC_SX679_.jpg'),(52,'https://m.media-amazon.com/images/I/71jYEvCzciL._AC_SX679_.jpg'),(53,'https://m.media-amazon.com/images/I/71-vSpxZvYL._AC_SX679_.jpg'),(54,'https://m.media-amazon.com/images/I/71GwjmKME8L._AC_SX679_.jpg'),(55,'https://m.media-amazon.com/images/I/81qTdplOdAL._AC_SX679_.jpg'),(56,'https://m.media-amazon.com/images/I/917BtKFhy-L._AC_SX679_.jpg'),(57,'https://m.media-amazon.com/images/I/51di6xqLffL._AC_SX679_.jpg'),(58,'https://m.media-amazon.com/images/I/61RbfsMfV0L._AC_SX679_.jpg'),(59,'https://m.media-amazon.com/images/I/61I138tgxGL._AC_SX679_.jpg'),(60,'https://m.media-amazon.com/images/I/61Z3+NNLEyL._AC_SX679_.jpg'),(61,'https://m.media-amazon.com/images/I/41OiFSiAg-S._AC_.jpg'),(62,'https://m.media-amazon.com/images/I/41iv+jYXqDS._AC_.jpg'),(63,'https://m.media-amazon.com/images/I/41wrveuU2wS._AC_.jpg'),(64,'https://m.media-amazon.com/images/I/51hVxU1Lq0S._AC_SX679_.jpg'),(65,'https://m.media-amazon.com/images/I/51XM+u7pF6S._AC_SX679_.jpg'),(66,'https://m.media-amazon.com/images/I/51pwH3B6cFS._AC_SX679_.jpg'),(67,'https://m.media-amazon.com/images/I/61xRXKoKyKL._AC_SX679_.jpg'),(68,'https://m.media-amazon.com/images/I/61ENOSL5ZsL._AC_SX679_.jpg'),(69,'https://m.media-amazon.com/images/I/71mCKsD7VNL._AC_SX679_.jpg'),(70,'https://m.media-amazon.com/images/I/31WfdwLOk4L._AC_.jpg'),(71,'https://sc02.alicdn.com/kf/H522788af1c3947c9bfef206255e5b09er/200167142/H522788af1c3947c9bfef206255e5b09er.jpg'),(72,'https://www.tamata.com/media/catalog/product/cache/b1b762920b4f64fe70902904558ecc11/a/j/ajeadalsad5-2-2021-z-16-2.jpg'),(73,'https://m.media-amazon.com/images/I/41RDLIdQctL._AC_.jpg'),(74,'https://m.media-amazon.com/images/I/51i0V8Sy7pL._AC_SX679_.jpg'),(75,'https://m.media-amazon.com/images/I/41i9PidtP6L._AC_.jpg'),(76,'https://m.media-amazon.com/images/I/41yFM7B5QEL._AC_.jpg'),(77,'https://m.media-amazon.com/images/I/41cXXsd2vBL._AC_SX679_.jpg'),(78,'https://m.media-amazon.com/images/I/41Q96CLGGXL._AC_SY879_.jpg'),(79,'https://m.media-amazon.com/images/I/61JGO0peSsL._AC_SX679_.jpg'),(80,'https://m.media-amazon.com/images/I/61TZs1VORlL._AC_SX679_.jpg'),(81,'https://m.media-amazon.com/images/I/616+v+O5WuL._AC_SX679_.jpg'),(82,'https://m.media-amazon.com/images/I/618sR5OWrWL._AC_SX679_.jpg'),(83,'https://m.media-amazon.com/images/I/41DVyou2OTL._AC_.jpg'),(84,'https://www.elitetechjo.com/wp-content/uploads/1634/45/EE00188-0-500x500.jpg.webp'),(85,'https://iceytech.com/cms/wp-content/uploads/2021/10/CW-905-WIRELESS-black.jpg'),(86,'https://elbadrgroupeg.store/image/cache/catalog/61iQL1tpmnL._SL1500_-1500x1500.jpg'),(87,'https://m.media-amazon.com/images/I/71sjT9o51iL._AC_SX679_.jpg'),(88,'https://m.media-amazon.com/images/I/61zb5vsih6L._AC_SX679_.jpg'),(89,'https://m.media-amazon.com/images/I/61xWw6dLGJL._AC_SX679_.jpg'),(90,'https://m.media-amazon.com/images/I/613INe3Di0L._AC_SX679_.jpg'),(91,'https://m.media-amazon.com/images/I/61mjmBLFnOL._AC_SX679_.jpg'),(92,'https://images-eu.ssl-images-amazon.com/images/I/31QtZp9lzIL._AC_UL210_SR210,210_.jpg'),(93,'https://m.media-amazon.com/images/I/61zBn2428zL._AC_SX679_.jpg'),(94,'https://m.media-amazon.com/images/I/619KnAWyauL._AC_SX679_.jpg'),(95,'https://encrypted-tbn0.gstatic.com/images?q=tbn:ANd9GcR3Vg0hKZlNxKyBnETv4wRF2QqNg1Hx6HKYJFPYVTbNCRFG4V5rJUBuYEhGCZg12xl8CO4&usqp=CAU'),(96,'https://m.media-amazon.com/images/I/41Q4gE3vHKS._AC_SX679_.jpg'),(97,'https://m.media-amazon.com/images/I/41O1j65plSS._AC_SX679_.jpg'),(98,'https://m.media-amazon.com/images/I/61zz8HcHykS._AC_SX679_.jpg'),(99,'https://m.media-amazon.com/images/I/61o0MQEhpxS._AC_SX679_.jpg'),(100,'https://m.media-amazon.com/images/I/61hnopQ3BwS._AC_SX679_.jpg'),(101,'https://img.joomcdn.net/60ac312123552c84cc0b7de3c5011f79d8ec6872_original.jpeg'),(102,'https://m.media-amazon.com/images/I/515Vw+IbhWL._AC_SX679_.jpg'),(103,'https://m.media-amazon.com/images/I/51hHa5mW8jL._AC_SX679_.jpg'),(104,'https://m.media-amazon.com/images/I/61mRLNbiONL._AC_SX679_.jpg'),(105,'https://m.media-amazon.com/images/I/71UMJKF+sZL._AC_SX679_.jpg'),(106,'https://m.media-amazon.com/images/I/71gW5J9ynJL._AC_SX679_.jpg'),(107,'https://m.media-amazon.com/images/I/61X2AG6zoyL._AC_SX679_.jpg'),(108,'https://m.media-amazon.com/images/I/61TQaJTclcL._AC_SX679_.jpg'),(109,'https://m.media-amazon.com/images/I/61YRO-TpEUL._AC_SX679_.jpg'),(110,'https://m.media-amazon.com/images/I/51esnW6sHjS._AC_SX679_.jpg'),(111,'https://m.media-amazon.com/images/I/51gjR4gpbHS._AC_SX679_.jpg'),(112,'https://m.media-amazon.com/images/I/51AEANu8MOS._AC_SX679_.jpg'),(113,'https://m.media-amazon.com/images/I/51D7NaE524L._AC_SX679_.jpg'),(114,'https://m.media-amazon.com/images/I/5139Tn2KGeL._AC_SX679_.jpg'),(115,'https://m.media-amazon.com/images/I/61rbkTnKH7L._AC_SX679_.jpg'),(116,'https://m.media-amazon.com/images/I/41mcX2Le2ML._AC_.jpg'),(117,'https://m.media-amazon.com/images/I/41bjqP+rPAL._AC_.jpg'),(118,'https://m.media-amazon.com/images/I/51vMSOUgNzL._AC_.jpg'),(119,'https://m.media-amazon.com/images/I/61zlpyPOOaL._AC_SX679_.jpg'),(120,'https://m.media-amazon.com/images/I/51z8iR6OTlL._AC_SX679_.jpg'),(121,'https://m.media-amazon.com/images/I/71yDvFT5KaL._AC_SX679_.jpg'),(122,'https://m.media-amazon.com/images/I/61zCWFEzpLS._AC_SX679_.jpg'),(123,'https://m.media-amazon.com/images/I/71HhwDz3IhL._AC_SX679_.jpg'),(124,'https://m.media-amazon.com/images/I/71yfLscWjIL._AC_SX679_.jpg');
/*!40000 ALTER TABLE `images` ENABLE KEYS */;
UNLOCK TABLES;

--
-- Table structure for table `order_products`
--

DROP TABLE IF EXISTS `order_products`;
/*!40101 SET @saved_cs_client     = @@character_set_client */;
/*!50503 SET character_set_client = utf8mb4 */;
CREATE TABLE `order_products` (
  `id` bigint NOT NULL AUTO_INCREMENT,
  `quantity` int NOT NULL,
  `order_id` bigint DEFAULT NULL,
  `product_id` bigint DEFAULT NULL,
  PRIMARY KEY (`id`),
  KEY `FKawxpt1ns1sr7al76nvjkv21of` (`order_id`),
  KEY `FKdxjduvg7991r4qja26fsckxv8` (`product_id`),
  CONSTRAINT `FKawxpt1ns1sr7al76nvjkv21of` FOREIGN KEY (`order_id`) REFERENCES `orders` (`id`),
  CONSTRAINT `FKdxjduvg7991r4qja26fsckxv8` FOREIGN KEY (`product_id`) REFERENCES `products` (`id`)
) ENGINE=InnoDB AUTO_INCREMENT=25 DEFAULT CHARSET=utf8mb4 COLLATE=utf8mb4_0900_ai_ci;
/*!40101 SET character_set_client = @saved_cs_client */;

--
-- Dumping data for table `order_products`
--

LOCK TABLES `order_products` WRITE;
/*!40000 ALTER TABLE `order_products` DISABLE KEYS */;
INSERT INTO `order_products` VALUES (13,1,9,1),(14,1,9,22),(15,1,9,8),(16,1,10,9),(17,1,10,5),(18,1,10,8),(19,1,11,12),(20,1,11,10),(21,1,11,11),(22,1,12,9),(23,1,12,10),(24,1,12,24);
/*!40000 ALTER TABLE `order_products` ENABLE KEYS */;
UNLOCK TABLES;

--
-- Table structure for table `orders`
--

DROP TABLE IF EXISTS `orders`;
/*!40101 SET @saved_cs_client     = @@character_set_client */;
/*!50503 SET character_set_client = utf8mb4 */;
CREATE TABLE `orders` (
  `id` bigint NOT NULL AUTO_INCREMENT,
  `user_id` bigint DEFAULT NULL,
  PRIMARY KEY (`id`)
) ENGINE=InnoDB AUTO_INCREMENT=13 DEFAULT CHARSET=utf8mb4 COLLATE=utf8mb4_0900_ai_ci;
/*!40101 SET character_set_client = @saved_cs_client */;

--
-- Dumping data for table `orders`
--

LOCK TABLES `orders` WRITE;
/*!40000 ALTER TABLE `orders` DISABLE KEYS */;
INSERT INTO `orders` VALUES (9,1),(10,1),(11,1),(12,1);
/*!40000 ALTER TABLE `orders` ENABLE KEYS */;
UNLOCK TABLES;

--
-- Table structure for table `product_images`
--

DROP TABLE IF EXISTS `product_images`;
/*!40101 SET @saved_cs_client     = @@character_set_client */;
/*!50503 SET character_set_client = utf8mb4 */;
CREATE TABLE `product_images` (
  `product_id` bigint NOT NULL,
  `image_id` bigint NOT NULL,
  KEY `FK1j9bvqvvdudsd1ydm4fr0y3bk` (`image_id`),
  KEY `FKqnq71xsohugpqwf3c9gxmsuy` (`product_id`),
  CONSTRAINT `FK1j9bvqvvdudsd1ydm4fr0y3bk` FOREIGN KEY (`image_id`) REFERENCES `images` (`id`),
  CONSTRAINT `FKqnq71xsohugpqwf3c9gxmsuy` FOREIGN KEY (`product_id`) REFERENCES `products` (`id`)
) ENGINE=InnoDB DEFAULT CHARSET=utf8mb4 COLLATE=utf8mb4_0900_ai_ci;
/*!40101 SET character_set_client = @saved_cs_client */;

--
-- Dumping data for table `product_images`
--

LOCK TABLES `product_images` WRITE;
/*!40000 ALTER TABLE `product_images` DISABLE KEYS */;
INSERT INTO `product_images` VALUES (1,2),(1,1),(1,3),(2,5),(2,6),(2,4),(3,7),(3,9),(3,8),(4,11),(4,10),(4,12),(5,15),(5,14),(5,13),(6,18),(6,17),(6,16),(7,21),(7,19),(7,20),(8,23),(8,22),(8,24),(9,27),(9,26),(9,25),(10,30),(10,29),(10,28),(11,32),(11,31),(11,33),(12,36),(12,35),(12,34),(13,38),(13,39),(13,37),(14,40),(14,42),(14,41),(15,44),(15,43),(16,47),(16,45),(16,46),(17,51),(17,52),(17,49),(17,48),(17,50),(18,55),(18,54),(18,56),(18,53),(19,59),(19,58),(19,60),(19,57),(20,62),(20,61),(20,63),(21,64),(21,65),(21,66),(22,67),(22,68),(22,69),(23,70),(23,72),(23,71),(24,73),(24,75),(24,76),(24,74),(25,79),(25,77),(25,78),(26,82),(26,81),(26,80),(27,83),(27,85),(27,84),(28,87),(28,88),(28,86),(29,90),(29,91),(29,89),(30,92),(30,94),(30,93),(31,95),(31,96),(31,97),(32,100),(32,98),(32,99),(33,101),(33,102),(33,103),(34,106),(34,105),(34,104),(35,109),(35,108),(35,107),(36,112),(36,111),(36,110),(37,113),(37,114),(37,115),(38,117),(38,118),(38,116),(39,120),(39,121),(39,119),(40,124),(40,123),(40,122);
/*!40000 ALTER TABLE `product_images` ENABLE KEYS */;
UNLOCK TABLES;

--
-- Table structure for table `products`
--

DROP TABLE IF EXISTS `products`;
/*!40101 SET @saved_cs_client     = @@character_set_client */;
/*!50503 SET character_set_client = utf8mb4 */;
CREATE TABLE `products` (
  `id` bigint NOT NULL AUTO_INCREMENT,
  `brand` varchar(255) DEFAULT NULL,
  `category` varchar(255) DEFAULT NULL,
  `description` varchar(255) DEFAULT NULL,
  `images` varchar(255) DEFAULT NULL,
  `title` varchar(255) DEFAULT NULL,
  `ratingstatus_id` bigint DEFAULT NULL,
  `price` int DEFAULT NULL,
  PRIMARY KEY (`id`),
  UNIQUE KEY `UK_mrqxnra3m4vwwxpc6dcvb850t` (`ratingstatus_id`),
  CONSTRAINT `FK6iyus3hejvaqv22qciorlbvtb` FOREIGN KEY (`ratingstatus_id`) REFERENCES `ratingstatus` (`id`)
) ENGINE=InnoDB AUTO_INCREMENT=41 DEFAULT CHARSET=utf8mb4 COLLATE=utf8mb4_0900_ai_ci;
/*!40101 SET character_set_client = @saved_cs_client */;

--
-- Dumping data for table `products`
--

LOCK TABLES `products` WRITE;
/*!40000 ALTER TABLE `products` DISABLE KEYS */;
INSERT INTO `products` VALUES (1,'Redragon','keyboard','Redragon K512 RGB Keyboard Mechanical Feeling switches',NULL,'Redragon K512',41,20),(2,'Redragon','headphone','Redragon H320 Headset',NULL,'Redragon H320',42,32),(3,'Razer','mouse','Razer Basilisk X Hyperspeed Wireless Gaming Mouse: Bluetooth & Wireless Compatible',NULL,'Razer Basilisk X',43,38),(4,'Apple','laptop','Apple MacBook Pro 2020 Model (13-Inch, Apple M1 chip with 8-core CPU and 8-core GPU, 8GB, 512GB, Touch Bar and Touch ID, MYD92 ), Eng-KB, Space Gray',NULL,'Apple MacBook Pro 2020',44,1500),(5,'Lenovo','laptop','Lenovo Legion 5 15ITH6 Gaming laptop - 11th Intel Core i5-11400H 6-Cores, 16GB RAM, 1TB SSD, NVIDIA GeForce RTX 3060 6GB GDDR6 Graphics, 15.6 FHD IPS 165Hz, 4-Zone RGB Backlit - Dos - Phantom Blue',NULL,'Lenovo Legion 5',45,1300),(6,'HyperX','keyboard','HyperX Alloy OriginsTM 60 Mechanical Gaming Keyboard',NULL,'HyperX Alloy',46,100),(7,'Redragon','keyboard','Redragon K530 Draconic 60% Compact RGB Wireless Mechanical Keyboard, 61 Keys TKL Designed 5.0 Bluetooth Gaming Keyboard with Brown Switches and 16.8 Million RGB Lighting',NULL,'Redragon K530 Draconic',47,60),(8,'HP','laptop','HP 15-dw3033dx Laptop - 11th Intel core i3-1115G4, 8GB RAM, 256GB SSD, Intel UHD Graphics, 15.6 FHD (1920 x 1080) IPS micro-edge anti-glare 250 nits, FingerPrint, Windows 10, Natural Silver',NULL,'HP 15-dw3033dx Laptop',48,600),(9,'HP','laptop','HP Laptop 15-dw3014ne - 11th Intel Core i5-1135G7, 8GB RAM, 256GB SSD, NVIDIA GeForce MX350 2GB GDDR5 dedicated Graphics, 15.6 FHD (1920 x 1080) micro-edge, anti-glare 250 nits, Dos - Natural silver',NULL,'HP Laptop 15-dw3014ne',49,750),(10,'Lenovo','laptop','Lenovo V15 IML Laptop - Intel Core i5-10210U, 8GB RAM, 1TB HDD, Intel UHD Graphics, 15.6 FHD (1920x1080) IPS 250nits Anti-glare, Dos - Iron',NULL,'Lenovo V15 IML Laptop',50,550),(11,'Lenovo','laptop','Lenovo IdeaPad Gaming 3 Laptop - Ryzen 5 5600H 6 Cores, 16GB RAM ,1TB HDD+ 256GB SSD, NVIDIA GeForce GTX 1650 4GB GDDR6 Graphics, 15.6 FHD (1920x1080) IPS 120Hz , Dos - Shadow Black',NULL,'Lenovo IdeaPad Gaming',51,750),(12,'Apple','laptop','2022 Apple MacBook Pro laptop with M2 chip: 13-inch Retina display, 8GB RAM, 256GB SSD storage, Touch Bar, FaceTime HD camera. Works with iPhone and iPad; Space Grey',NULL,'Apple MacBook Pro 2022',52,1650),(13,'Apple','laptop','Apple Macbook Air 2020 Model, (13-Inch, Apple M1 chip with 8-core CPU and 8-core GPU, 8GB, 512GB, MGNE3), Eng-KB, Gold',NULL,'Apple Macbook Air 2020',53,1450),(14,'Dell','laptop','Dell G15-5520 Gaming Laptop - 12th Intel Core i7-12700H 14-Cores, 16GB RAM DDR5 4800 MHz, 512GB SSD, NVIDIA Geforce RTX3050 4GB GDDR6 Graphics, 15.6 FHD 120 Hz , UBUNTU, Shadow Grey',NULL,'Dell G15-5520 Gaming',54,1250),(15,'ASUS','laptop','ASUS Vivobook Pro 15 K3500PC-OLED007W i7-11370H-16GB-SSD 1TB-RTX3050-4GB-15.6 FHD OLED-Windows11-Quiet Blue',NULL,'ASUS Vivobook Pro 15',55,1300),(16,'Forev','keyboard','Forev FV-Q3055 USB Backlighted',NULL,'Forev FV-Q3055',56,15),(17,'Logitech','keyboard','Logitech G213 Prodigy RGB Gaming Keyboard - Black',NULL,'Logitech G213 Prodigy',57,80),(18,'Logitech','keyboard','Logitech K400 Plus Wireless Touch English Keyboard - Dark Grey',NULL,'Logitech K400 Plus',58,100),(19,'Logitech','keyboard','Logitech G512 Carbon RGB Mechanical Gaming Keyboard',NULL,'Logitech G512',59,110),(20,'Techno','keyboard','Techno Zone E22 RGB Mechanical USB Gaming Keyboard (61 Key)',NULL,'Techno Zone E22',60,30),(21,'Meetion','keyboard','Meetion K9520 - RGB Magnetic Wrist Rest Gaming Keyboard - Black',NULL,'Meetion K9520',61,25),(22,'Redragon','keyboard','Redragon K552 60% Mechanical Gaming Keyboard RGB Backlit Wired with Red Switches for Windows Gaming PC, UK QWERTY (White)',NULL,'Redragon K552',62,65),(23,'HAVIT','mouse','Havit MS1010 Ergonomico Gamer Raton De Juego Backlit Wired Rgb Gaming Mouse black',NULL,'Havit MS1010 Ergonomico',63,13),(24,'HAVIT','mouse','HAVIT GAMENOTE MS1027 Rainbow LED Gaming Mouse - 6 Buttons, 2400 dpi - 2725605868814',NULL,'HAVIT GAMENOTE MS1027',64,9),(25,'Logitech','mouse','Logitech® Corded Mouse B100 - Business - USB - BLACK',NULL,'Logitech Corded',65,8),(26,'Microsoft','mouse','Microsoft Wireless Mobile Mouse 1850, Black [U7Z-00004]',NULL,'Microsoft Wireless Mobile',66,20),(27,'ONIKUMA','mouse','ONIKUMA CW905 RGB Gaming Mouse – 6400 DPI – 7 Programable Buttons',NULL,'ONIKUMA CW905 RGB',67,12),(28,'Redragon','mouse','Redragon M711 Cobra RGB Optical Gaming Mouse',NULL,'Redragon M711 Cobra',68,30),(29,'Redragon','mouse','Redragon M606 MAMBA 7200 DPI 6 Button Programmable Gaming Mouse',NULL,'Redragon M606 MAMBA',69,16),(30,'Fantech','mouse','Fantech Programmable USB Gaming Mouse For PC - X9 THOR Chroma Black',NULL,'Fantech X9 THOR',70,10),(31,'Unknown','mouse','M160 HP WIRED MOUSE - BLACK',NULL,'M160 HP',71,7),(32,'HAVIT','headphone','HAVIT GAMENOTE H656d E-SPORTS Chroma RGB GAMING Headphone 50MM Driver for PC PS4 PS5 / Mobile',NULL,'HAVIT GAMENOTE H656d',72,20),(33,'TGUS','headphone','TGUS Wireless Gaming Headset, LED Light Up Cat Ear Shaped Headphones, Cartoon Luminous Head-mounted Stereo Bluetooth Headset, for Kids Adult(Pink)',NULL,'TGUS Wireless Gaming',73,16),(34,'INSMART','headphone','PS5 PS4 Headset, INSMART PC Gaming Headset Over-Ear Gaming Headphones with Mic LED Light Noise Cancelling & Volume Control New Xbox One PS4 PS5 (3.5mm Splitter Cable Included)',NULL,'INSMART PC Gaming',74,18),(35,'KOTION','headphone','KOTION EACH G7000 7.1 USB Surround Vibration -HighEnd- Professional Gaming Headset PC Headphone Computer Headband with Mic LED for Gamer',NULL,'KOTION EACH G7000',75,11),(36,'Redragon','headphone','Redragon H112 Gaming Headset Crystal Clear Sound And Noise isolation',NULL,'Redragon H112',76,25),(37,'Redragon','headphone','Redragon H320 RGB LAMIA2 USB Gaming Headset - Surround Sound 7.1 - Noise Cancelation Microphone With Headset Stand',NULL,'Redragon H320',77,50),(38,'Redragon','headphone','Redragon H350 Pandora RGB USB Gaming Headset - 7.1 Surround Sound - 50mm Drivers - Detachable Microphone (Black)',NULL,'Redragon H350',78,56),(39,'Luckyu','headphone','Wireless Bluetooth Cat Ear Headphones with Mic 7 Colors LED Light Flashing Glowing On-Ear Stereo Headset Compatible with Smartphones PC Tablet',NULL,'Luckyu Cat Ear',79,20),(40,'ONIKUMA','headphone','K6 Gaming Headset with RGB Light ONIKUMA K6 Stereo Gaming Headset for PS4, PC, Xbox One Controller, Noise Cancelling Over Ear Headphones',NULL,'ONIKUMA K6 Stereo',80,30);
/*!40000 ALTER TABLE `products` ENABLE KEYS */;
UNLOCK TABLES;

--
-- Table structure for table `ratings`
--

DROP TABLE IF EXISTS `ratings`;
/*!40101 SET @saved_cs_client     = @@character_set_client */;
/*!50503 SET character_set_client = utf8mb4 */;
CREATE TABLE `ratings` (
  `id` bigint NOT NULL AUTO_INCREMENT,
  `stars` float DEFAULT NULL,
  `title` varchar(255) DEFAULT NULL,
  `comment` varchar(255) DEFAULT NULL,
  `user_id` bigint DEFAULT NULL,
  PRIMARY KEY (`id`),
  KEY `FKb3354ee2xxvdrbyq9f42jdayd` (`user_id`),
  CONSTRAINT `FKb3354ee2xxvdrbyq9f42jdayd` FOREIGN KEY (`user_id`) REFERENCES `users` (`id`)
) ENGINE=InnoDB AUTO_INCREMENT=2679 DEFAULT CHARSET=utf8mb4 COLLATE=utf8mb4_0900_ai_ci;
/*!40101 SET character_set_client = @saved_cs_client */;

--
-- Dumping data for table `ratings`
--

LOCK TABLES `ratings` WRITE;
/*!40000 ALTER TABLE `ratings` DISABLE KEYS */;
INSERT INTO `ratings` VALUES (1,4,NULL,NULL,1),(2,4,NULL,NULL,1),(3,4,NULL,NULL,1),(4,4,NULL,NULL,1),(5,4,NULL,NULL,1),(6,4,NULL,NULL,1),(7,4,NULL,NULL,1),(8,4,NULL,NULL,1),(9,4,NULL,NULL,1),(10,4,NULL,NULL,1),(11,4,NULL,NULL,1),(12,4,NULL,NULL,1),(13,4,NULL,NULL,1),(14,4,NULL,NULL,1),(15,4,NULL,NULL,1),(16,3,NULL,NULL,1),(17,3,NULL,NULL,1),(18,3,NULL,NULL,1),(19,3,NULL,NULL,1),(20,3,NULL,NULL,1),(21,3,NULL,NULL,1),(22,5,NULL,NULL,1),(23,5,NULL,NULL,1),(24,4,NULL,NULL,1),(25,4,NULL,NULL,1),(26,4,NULL,NULL,1),(27,4,NULL,NULL,1),(28,4,NULL,NULL,1),(29,4,NULL,NULL,1),(30,4,NULL,NULL,1),(31,4,NULL,NULL,1),(32,4,NULL,NULL,1),(33,4,NULL,NULL,1),(34,4,NULL,NULL,1),(35,4,NULL,NULL,1),(36,4,NULL,NULL,1),(37,4,NULL,NULL,1),(38,4,NULL,NULL,1),(39,4,NULL,NULL,1),(40,4,NULL,NULL,1),(41,4,NULL,NULL,1),(42,4,NULL,NULL,1),(43,4,NULL,NULL,1),(44,4,NULL,NULL,1),(45,4,NULL,NULL,1),(46,4,NULL,NULL,1),(47,4,NULL,NULL,1),(48,4,NULL,NULL,1),(49,4,NULL,NULL,1),(50,4,NULL,NULL,1),(51,4,NULL,NULL,1),(52,4,NULL,NULL,1),(53,4,NULL,NULL,1),(54,4,NULL,NULL,1),(55,4,NULL,NULL,1),(56,4,NULL,NULL,1),(57,4,NULL,NULL,1),(58,4,NULL,NULL,1),(59,3,NULL,NULL,1),(60,3,NULL,NULL,1),(61,3,NULL,NULL,1),(62,3,NULL,NULL,1),(63,3,NULL,NULL,1),(64,3,NULL,NULL,1),(65,3,NULL,NULL,1),(66,3,NULL,NULL,1),(67,3,NULL,NULL,1),(68,3,NULL,NULL,1),(69,3,NULL,NULL,1),(70,3,NULL,NULL,1),(71,3,NULL,NULL,1),(72,3,NULL,NULL,1),(73,3,NULL,NULL,1),(74,3,NULL,NULL,1),(75,3,NULL,NULL,1),(76,3,NULL,NULL,1),(77,3,NULL,NULL,1),(78,3,NULL,NULL,1),(79,3,NULL,NULL,1),(80,3,NULL,NULL,1),(81,3,NULL,NULL,1),(82,3,NULL,NULL,1),(83,3,NULL,NULL,1),(84,3,NULL,NULL,1),(85,5,NULL,NULL,1),(86,5,NULL,NULL,1),(87,5,NULL,NULL,1),(88,5,NULL,NULL,1),(89,5,NULL,NULL,1),(90,5,NULL,NULL,1),(91,5,NULL,NULL,1),(92,5,NULL,NULL,1),(93,5,NULL,NULL,1),(94,5,NULL,NULL,1),(95,5,NULL,NULL,1),(96,5,NULL,NULL,1),(97,5,NULL,NULL,1),(98,5,NULL,NULL,1),(99,5,NULL,NULL,1),(100,5,NULL,NULL,1),(101,5,NULL,NULL,1),(102,5,NULL,NULL,1),(103,5,NULL,NULL,1),(104,5,NULL,NULL,1),(105,5,NULL,NULL,1),(106,5,NULL,NULL,1),(107,5,NULL,NULL,1),(108,5,NULL,NULL,1),(109,5,NULL,NULL,1),(110,5,NULL,NULL,1),(111,5,NULL,NULL,1),(112,5,NULL,NULL,1),(113,5,NULL,NULL,1),(114,5,NULL,NULL,1),(115,5,NULL,NULL,1),(116,5,NULL,NULL,1),(117,5,NULL,NULL,1),(118,5,NULL,NULL,1),(119,5,NULL,NULL,1),(120,5,NULL,NULL,1),(121,5,NULL,NULL,1),(122,5,NULL,NULL,1),(123,5,NULL,NULL,1),(124,5,NULL,NULL,1),(125,5,NULL,NULL,1),(126,5,NULL,NULL,1),(127,5,NULL,NULL,1),(128,5,NULL,NULL,1),(129,5,NULL,NULL,1),(130,5,NULL,NULL,1),(131,5,NULL,NULL,1),(132,5,NULL,NULL,1),(133,5,NULL,NULL,1),(134,4,NULL,NULL,1),(135,4,NULL,NULL,1),(136,4,NULL,NULL,1),(137,4,NULL,NULL,1),(138,4,NULL,NULL,1),(139,4,NULL,NULL,1),(140,4,NULL,NULL,1),(141,4,NULL,NULL,1),(142,4,NULL,NULL,1),(143,4,NULL,NULL,1),(144,4,NULL,NULL,1),(145,4,NULL,NULL,1),(146,4,NULL,NULL,1),(147,4,NULL,NULL,1),(148,4,NULL,NULL,1),(149,4,NULL,NULL,1),(150,4,NULL,NULL,1),(151,4,NULL,NULL,1),(152,4,NULL,NULL,1),(153,4,NULL,NULL,1),(154,4,NULL,NULL,1),(155,4,NULL,NULL,1),(156,4,NULL,NULL,1),(157,4,NULL,NULL,1),(158,4,NULL,NULL,1),(159,4,NULL,NULL,1),(160,4,NULL,NULL,1),(161,4,NULL,NULL,1),(162,4,NULL,NULL,1),(163,4,NULL,NULL,1),(164,4,NULL,NULL,1),(165,4,NULL,NULL,1),(166,4,NULL,NULL,1),(167,4,NULL,NULL,1),(168,4,NULL,NULL,1),(169,4,NULL,NULL,1),(170,4,NULL,NULL,1),(171,4,NULL,NULL,1),(172,4,NULL,NULL,1),(173,4,NULL,NULL,1),(174,4,NULL,NULL,1),(175,4,NULL,NULL,1),(176,4,NULL,NULL,1),(177,4,NULL,NULL,1),(178,4,NULL,NULL,1),(179,4,NULL,NULL,1),(180,4,NULL,NULL,1),(181,4,NULL,NULL,1),(182,4,NULL,NULL,1),(183,4,NULL,NULL,1),(184,4,NULL,NULL,1),(185,4,NULL,NULL,1),(186,4,NULL,NULL,1),(187,4,NULL,NULL,1),(188,4,NULL,NULL,1),(189,4,NULL,NULL,1),(190,4,NULL,NULL,1),(191,4,NULL,NULL,1),(192,4,NULL,NULL,1),(193,4,NULL,NULL,1),(194,4,NULL,NULL,1),(195,4,NULL,NULL,1),(196,4,NULL,NULL,1),(197,4,NULL,NULL,1),(198,4,NULL,NULL,1),(199,4,NULL,NULL,1),(200,4,NULL,NULL,1),(201,4,NULL,NULL,1),(202,4,NULL,NULL,1),(203,4,NULL,NULL,1),(204,4,NULL,NULL,1),(205,4,NULL,NULL,1),(206,4,NULL,NULL,1),(207,4,NULL,NULL,1),(208,4,NULL,NULL,1),(209,4,NULL,NULL,1),(210,4,NULL,NULL,1),(211,4,NULL,NULL,1),(212,4,NULL,NULL,1),(213,4,NULL,NULL,1),(214,4,NULL,NULL,1),(215,4,NULL,NULL,1),(216,4,NULL,NULL,1),(217,4,NULL,NULL,1),(218,4,NULL,NULL,1),(219,4,NULL,NULL,1),(220,4,NULL,NULL,1),(221,4,NULL,NULL,1),(222,4,NULL,NULL,1),(223,5,NULL,NULL,1),(224,5,NULL,NULL,1),(225,5,NULL,NULL,1),(226,5,NULL,NULL,1),(227,5,NULL,NULL,1),(228,5,NULL,NULL,1),(229,5,NULL,NULL,1),(230,5,NULL,NULL,1),(231,5,NULL,NULL,1),(232,5,NULL,NULL,1),(233,5,NULL,NULL,1),(234,5,NULL,NULL,1),(235,5,NULL,NULL,1),(236,5,NULL,NULL,1),(237,5,NULL,NULL,1),(238,5,NULL,NULL,1),(239,5,NULL,NULL,1),(240,5,NULL,NULL,1),(241,5,NULL,NULL,1),(242,5,NULL,NULL,1),(243,5,NULL,NULL,1),(244,5,NULL,NULL,1),(245,5,NULL,NULL,1),(246,5,NULL,NULL,1),(247,5,NULL,NULL,1),(248,5,NULL,NULL,1),(249,5,NULL,NULL,1),(250,5,NULL,NULL,1),(251,5,NULL,NULL,1),(252,5,NULL,NULL,1),(253,5,NULL,NULL,1),(254,5,NULL,NULL,1),(255,5,NULL,NULL,1),(256,5,NULL,NULL,1),(257,5,NULL,NULL,1),(258,5,NULL,NULL,1),(259,5,NULL,NULL,1),(260,5,NULL,NULL,1),(261,5,NULL,NULL,1),(262,5,NULL,NULL,1),(263,5,NULL,NULL,1),(264,5,NULL,NULL,1),(265,5,NULL,NULL,1),(266,5,NULL,NULL,1),(267,5,NULL,NULL,1),(268,5,NULL,NULL,1),(269,5,NULL,NULL,1),(270,5,NULL,NULL,1),(271,5,NULL,NULL,1),(272,5,NULL,NULL,1),(273,5,NULL,NULL,1),(274,5,NULL,NULL,1),(275,5,NULL,NULL,1),(276,5,NULL,NULL,1),(277,5,NULL,NULL,1),(278,5,NULL,NULL,1),(279,5,NULL,NULL,1),(280,5,NULL,NULL,1),(281,5,NULL,NULL,1),(282,5,NULL,NULL,1),(283,5,NULL,NULL,1),(284,5,NULL,NULL,1),(285,4,NULL,NULL,1),(286,4,NULL,NULL,1),(287,4,NULL,NULL,1),(288,4,NULL,NULL,1),(289,4,NULL,NULL,1),(290,4,NULL,NULL,1),(291,4,NULL,NULL,1),(292,4,NULL,NULL,1),(293,4,NULL,NULL,1),(294,4,NULL,NULL,1),(295,4,NULL,NULL,1),(296,4,NULL,NULL,1),(297,4,NULL,NULL,1),(298,4,NULL,NULL,1),(299,4,NULL,NULL,1),(300,4,NULL,NULL,1),(301,4,NULL,NULL,1),(302,4,NULL,NULL,1),(303,4,NULL,NULL,1),(304,4,NULL,NULL,1),(305,4,NULL,NULL,1),(306,4,NULL,NULL,1),(307,4,NULL,NULL,1),(308,2,NULL,NULL,1),(309,2,NULL,NULL,1),(310,2,NULL,NULL,1),(311,2,NULL,NULL,1),(312,2,NULL,NULL,1),(313,2,NULL,NULL,1),(314,2,NULL,NULL,1),(315,2,NULL,NULL,1),(316,2,NULL,NULL,1),(317,2,NULL,NULL,1),(318,2,NULL,NULL,1),(319,2,NULL,NULL,1),(320,5,NULL,NULL,1),(321,5,NULL,NULL,1),(322,5,NULL,NULL,1),(323,5,NULL,NULL,1),(324,5,NULL,NULL,1),(325,5,NULL,NULL,1),(326,5,NULL,NULL,1),(327,5,NULL,NULL,1),(328,5,NULL,NULL,1),(329,5,NULL,NULL,1),(330,5,NULL,NULL,1),(331,5,NULL,NULL,1),(332,5,NULL,NULL,1),(333,5,NULL,NULL,1),(334,5,NULL,NULL,1),(335,5,NULL,NULL,1),(336,5,NULL,NULL,1),(337,5,NULL,NULL,1),(338,5,NULL,NULL,1),(339,5,NULL,NULL,1),(340,5,NULL,NULL,1),(341,5,NULL,NULL,1),(342,5,NULL,NULL,1),(343,5,NULL,NULL,1),(344,5,NULL,NULL,1),(345,5,NULL,NULL,1),(346,5,NULL,NULL,1),(347,5,NULL,NULL,1),(348,5,NULL,NULL,1),(349,5,NULL,NULL,1),(350,5,NULL,NULL,1),(351,5,NULL,NULL,1),(352,4,NULL,NULL,1),(353,4,NULL,NULL,1),(354,4,NULL,NULL,1),(355,4,NULL,NULL,1),(356,4,NULL,NULL,1),(357,4,NULL,NULL,1),(358,4,NULL,NULL,1),(359,4,NULL,NULL,1),(360,4,NULL,NULL,1),(361,4,NULL,NULL,1),(362,4,NULL,NULL,1),(363,4,NULL,NULL,1),(364,4,NULL,NULL,1),(365,4,NULL,NULL,1),(366,4,NULL,NULL,1),(367,4,NULL,NULL,1),(368,4,NULL,NULL,1),(369,4,NULL,NULL,1),(370,4,NULL,NULL,1),(371,4,NULL,NULL,1),(372,4,NULL,NULL,1),(373,4,NULL,NULL,1),(374,4,NULL,NULL,1),(375,4,NULL,NULL,1),(376,4,NULL,NULL,1),(377,4,NULL,NULL,1),(378,4,NULL,NULL,1),(379,4,NULL,NULL,1),(380,4,NULL,NULL,1),(381,4,NULL,NULL,1),(382,4,NULL,NULL,1),(383,4,NULL,NULL,1),(384,4,NULL,NULL,1),(385,4,NULL,NULL,1),(386,4,NULL,NULL,1),(387,4,NULL,NULL,1),(388,4,NULL,NULL,1),(389,4,NULL,NULL,1),(390,4,NULL,NULL,1),(391,4,NULL,NULL,1),(392,4,NULL,NULL,1),(393,4,NULL,NULL,1),(394,4,NULL,NULL,1),(395,4,NULL,NULL,1),(396,4,NULL,NULL,1),(397,4,NULL,NULL,1),(398,4,NULL,NULL,1),(399,4,NULL,NULL,1),(400,4,NULL,NULL,1),(401,4,NULL,NULL,1),(402,4,NULL,NULL,1),(403,4,NULL,NULL,1),(404,4,NULL,NULL,1),(405,4,NULL,NULL,1),(406,4,NULL,NULL,1),(407,4,NULL,NULL,1),(408,4,NULL,NULL,1),(409,4,NULL,NULL,1),(410,4,NULL,NULL,1),(411,4,NULL,NULL,1),(412,4,NULL,NULL,1),(413,4,NULL,NULL,1),(414,4,NULL,NULL,1),(415,4,NULL,NULL,1),(416,4,NULL,NULL,1),(417,4,NULL,NULL,1),(418,4,NULL,NULL,1),(419,4,NULL,NULL,1),(420,4,NULL,NULL,1),(421,4,NULL,NULL,1),(422,4,NULL,NULL,1),(423,4,NULL,NULL,1),(424,4,NULL,NULL,1),(425,4,NULL,NULL,1),(426,4,NULL,NULL,1),(427,4,NULL,NULL,1),(428,4,NULL,NULL,1),(429,4,NULL,NULL,1),(430,4,NULL,NULL,1),(431,4,NULL,NULL,1),(432,4,NULL,NULL,1),(433,4,NULL,NULL,1),(434,4,NULL,NULL,1),(435,4,NULL,NULL,1),(436,4,NULL,NULL,1),(437,4,NULL,NULL,1),(438,4,NULL,NULL,1),(439,4,NULL,NULL,1),(440,4,NULL,NULL,1),(441,4,NULL,NULL,1),(442,4,NULL,NULL,1),(443,3,NULL,NULL,1),(444,3,NULL,NULL,1),(445,3,NULL,NULL,1),(446,3,NULL,NULL,1),(447,3,NULL,NULL,1),(448,3,NULL,NULL,1),(449,3,NULL,NULL,1),(450,3,NULL,NULL,1),(451,3,NULL,NULL,1),(452,3,NULL,NULL,1),(453,3,NULL,NULL,1),(454,3,NULL,NULL,1),(455,3,NULL,NULL,1),(456,3,NULL,NULL,1),(457,3,NULL,NULL,1),(458,3,NULL,NULL,1),(459,3,NULL,NULL,1),(460,3,NULL,NULL,1),(461,3,NULL,NULL,1),(462,3,NULL,NULL,1),(463,3,NULL,NULL,1),(464,3,NULL,NULL,1),(465,3,NULL,NULL,1),(466,3,NULL,NULL,1),(467,2,NULL,NULL,1),(468,2,NULL,NULL,1),(469,2,NULL,NULL,1),(470,2,NULL,NULL,1),(471,2,NULL,NULL,1),(472,2,NULL,NULL,1),(473,2,NULL,NULL,1),(474,2,NULL,NULL,1),(475,2,NULL,NULL,1),(476,2,NULL,NULL,1),(477,2,NULL,NULL,1),(478,2,NULL,NULL,1),(479,2,NULL,NULL,1),(480,2,NULL,NULL,1),(481,2,NULL,NULL,1),(482,2,NULL,NULL,1),(483,2,NULL,NULL,1),(484,2,NULL,NULL,1),(485,2,NULL,NULL,1),(486,2,NULL,NULL,1),(487,2,NULL,NULL,1),(488,5,NULL,NULL,1),(489,5,NULL,NULL,1),(490,5,NULL,NULL,1),(491,5,NULL,NULL,1),(492,5,NULL,NULL,1),(493,5,NULL,NULL,1),(494,5,NULL,NULL,1),(495,5,NULL,NULL,1),(496,5,NULL,NULL,1),(497,5,NULL,NULL,1),(498,5,NULL,NULL,1),(499,5,NULL,NULL,1),(500,5,NULL,NULL,1),(501,5,NULL,NULL,1),(502,5,NULL,NULL,1),(503,5,NULL,NULL,1),(504,5,NULL,NULL,1),(505,5,NULL,NULL,1),(506,5,NULL,NULL,1),(507,5,NULL,NULL,1),(508,5,NULL,NULL,1),(509,5,NULL,NULL,1),(510,5,NULL,NULL,1),(511,5,NULL,NULL,1),(512,5,NULL,NULL,1),(513,5,NULL,NULL,1),(514,5,NULL,NULL,1),(515,5,NULL,NULL,1),(516,5,NULL,NULL,1),(517,5,NULL,NULL,1),(518,5,NULL,NULL,1),(519,5,NULL,NULL,1),(520,5,NULL,NULL,1),(521,5,NULL,NULL,1),(522,5,NULL,NULL,1),(523,5,NULL,NULL,1),(524,5,NULL,NULL,1),(525,5,NULL,NULL,1),(526,5,NULL,NULL,1),(527,5,NULL,NULL,1),(528,5,NULL,NULL,1),(529,5,NULL,NULL,1),(530,5,NULL,NULL,1),(531,5,NULL,NULL,1),(532,5,NULL,NULL,1),(533,5,NULL,NULL,1),(534,5,NULL,NULL,1),(535,5,NULL,NULL,1),(536,5,NULL,NULL,1),(537,5,NULL,NULL,1),(538,5,NULL,NULL,1),(539,5,NULL,NULL,1),(540,5,NULL,NULL,1),(541,5,NULL,NULL,1),(542,5,NULL,NULL,1),(543,5,NULL,NULL,1),(544,5,NULL,NULL,1),(545,5,NULL,NULL,1),(546,5,NULL,NULL,1),(547,5,NULL,NULL,1),(548,5,NULL,NULL,1),(549,5,NULL,NULL,1),(550,5,NULL,NULL,1),(551,5,NULL,NULL,1),(552,4,NULL,NULL,1),(553,4,NULL,NULL,1),(554,4,NULL,NULL,1),(555,4,NULL,NULL,1),(556,4,NULL,NULL,1),(557,4,NULL,NULL,1),(558,4,NULL,NULL,1),(559,4,NULL,NULL,1),(560,4,NULL,NULL,1),(561,4,NULL,NULL,1),(562,4,NULL,NULL,1),(563,4,NULL,NULL,1),(564,4,NULL,NULL,1),(565,4,NULL,NULL,1),(566,4,NULL,NULL,1),(567,4,NULL,NULL,1),(568,4,NULL,NULL,1),(569,4,NULL,NULL,1),(570,4,NULL,NULL,1),(571,4,NULL,NULL,1),(572,4,NULL,NULL,1),(573,4,NULL,NULL,1),(574,4,NULL,NULL,1),(575,4,NULL,NULL,1),(576,4,NULL,NULL,1),(577,4,NULL,NULL,1),(578,4,NULL,NULL,1),(579,4,NULL,NULL,1),(580,4,NULL,NULL,1),(581,4,NULL,NULL,1),(582,4,NULL,NULL,1),(583,4,NULL,NULL,1),(584,4,NULL,NULL,1),(585,4,NULL,NULL,1),(586,4,NULL,NULL,1),(587,4,NULL,NULL,1),(588,4,NULL,NULL,1),(589,4,NULL,NULL,1),(590,4,NULL,NULL,1),(591,4,NULL,NULL,1),(592,4,NULL,NULL,1),(593,4,NULL,NULL,1),(594,4,NULL,NULL,1),(595,4,NULL,NULL,1),(596,4,NULL,NULL,1),(597,4,NULL,NULL,1),(598,4,NULL,NULL,1),(599,4,NULL,NULL,1),(600,4,NULL,NULL,1),(601,4,NULL,NULL,1),(602,4,NULL,NULL,1),(603,4,NULL,NULL,1),(604,4,NULL,NULL,1),(605,4,NULL,NULL,1),(606,4,NULL,NULL,1),(607,4,NULL,NULL,1),(608,4,NULL,NULL,1),(609,4,NULL,NULL,1),(610,4,NULL,NULL,1),(611,4,NULL,NULL,1),(612,4,NULL,NULL,1),(613,4,NULL,NULL,1),(614,4,NULL,NULL,1),(615,4,NULL,NULL,1),(616,4,NULL,NULL,1),(617,4,NULL,NULL,1),(618,4,NULL,NULL,1),(619,4,NULL,NULL,1),(620,4,NULL,NULL,1),(621,4,NULL,NULL,1),(622,4,NULL,NULL,1),(623,4,NULL,NULL,1),(624,4,NULL,NULL,1),(625,4,NULL,NULL,1),(626,4,NULL,NULL,1),(627,4,NULL,NULL,1),(628,4,NULL,NULL,1),(629,4,NULL,NULL,1),(630,4,NULL,NULL,1),(631,4,NULL,NULL,1),(632,4,NULL,NULL,1),(633,4,NULL,NULL,1),(634,4,NULL,NULL,1),(635,4,NULL,NULL,1),(636,4,NULL,NULL,1),(637,4,NULL,NULL,1),(638,4,NULL,NULL,1),(639,4,NULL,NULL,1),(640,4,NULL,NULL,1),(641,4,NULL,NULL,1),(642,4,NULL,NULL,1),(643,4,NULL,NULL,1),(644,4,NULL,NULL,1),(645,4,NULL,NULL,1),(646,4,NULL,NULL,1),(647,4,NULL,NULL,1),(648,4,NULL,NULL,1),(649,4,NULL,NULL,1),(650,4,NULL,NULL,1),(651,4,NULL,NULL,1),(652,4,NULL,NULL,1),(653,4,NULL,NULL,1),(654,4,NULL,NULL,1),(655,4,NULL,NULL,1),(656,4,NULL,NULL,1),(657,4,NULL,NULL,1),(658,4,NULL,NULL,1),(659,4,NULL,NULL,1),(660,4,NULL,NULL,1),(661,4,NULL,NULL,1),(662,4,NULL,NULL,1),(663,4,NULL,NULL,1),(664,4,NULL,NULL,1),(665,4,NULL,NULL,1),(666,4,NULL,NULL,1),(667,4,NULL,NULL,1),(668,4,NULL,NULL,1),(669,4,NULL,NULL,1),(670,4,NULL,NULL,1),(671,4,NULL,NULL,1),(672,4,NULL,NULL,1),(673,4,NULL,NULL,1),(674,4,NULL,NULL,1),(675,4,NULL,NULL,1),(676,4,NULL,NULL,1),(677,4,NULL,NULL,1),(678,4,NULL,NULL,1),(679,4,NULL,NULL,1),(680,4,NULL,NULL,1),(681,3,NULL,NULL,1),(682,3,NULL,NULL,1),(683,3,NULL,NULL,1),(684,3,NULL,NULL,1),(685,3,NULL,NULL,1),(686,3,NULL,NULL,1),(687,3,NULL,NULL,1),(688,3,NULL,NULL,1),(689,3,NULL,NULL,1),(690,3,NULL,NULL,1),(691,3,NULL,NULL,1),(692,3,NULL,NULL,1),(693,4,NULL,NULL,1),(694,4,NULL,NULL,1),(695,4,NULL,NULL,1),(696,4,NULL,NULL,1),(697,4,NULL,NULL,1),(698,4,NULL,NULL,1),(699,4,NULL,NULL,1),(700,4,NULL,NULL,1),(701,4,NULL,NULL,1),(702,4,NULL,NULL,1),(703,4,NULL,NULL,1),(704,4,NULL,NULL,1),(705,4,NULL,NULL,1),(706,4,NULL,NULL,1),(707,4,NULL,NULL,1),(708,4,NULL,NULL,1),(709,4,NULL,NULL,1),(710,4,NULL,NULL,1),(711,4,NULL,NULL,1),(712,4,NULL,NULL,1),(713,4,NULL,NULL,1),(714,4,NULL,NULL,1),(715,4,NULL,NULL,1),(716,4,NULL,NULL,1),(717,4,NULL,NULL,1),(718,4,NULL,NULL,1),(719,4,NULL,NULL,1),(720,4,NULL,NULL,1),(721,4,NULL,NULL,1),(722,4,NULL,NULL,1),(723,4,NULL,NULL,1),(724,4,NULL,NULL,1),(725,4,NULL,NULL,1),(726,4,NULL,NULL,1),(727,4,NULL,NULL,1),(728,4,NULL,NULL,1),(729,4,NULL,NULL,1),(730,4,NULL,NULL,1),(731,4,NULL,NULL,1),(732,4,NULL,NULL,1),(733,4,NULL,NULL,1),(734,4,NULL,NULL,1),(735,4,NULL,NULL,1),(736,4,NULL,NULL,1),(737,4,NULL,NULL,1),(738,4,NULL,NULL,1),(739,4,NULL,NULL,1),(740,4,NULL,NULL,1),(741,4,NULL,NULL,1),(742,4,NULL,NULL,1),(743,4,NULL,NULL,1),(744,4,NULL,NULL,1),(745,4,NULL,NULL,1),(746,4,NULL,NULL,1),(747,4,NULL,NULL,1),(748,4,NULL,NULL,1),(749,4,NULL,NULL,1),(750,4,NULL,NULL,1),(751,4,NULL,NULL,1),(752,4,NULL,NULL,1),(753,4,NULL,NULL,1),(754,4,NULL,NULL,1),(755,5,NULL,NULL,1),(756,5,NULL,NULL,1),(757,5,NULL,NULL,1),(758,5,NULL,NULL,1),(759,5,NULL,NULL,1),(760,5,NULL,NULL,1),(761,5,NULL,NULL,1),(762,5,NULL,NULL,1),(763,5,NULL,NULL,1),(764,5,NULL,NULL,1),(765,5,NULL,NULL,1),(766,5,NULL,NULL,1),(767,5,NULL,NULL,1),(768,5,NULL,NULL,1),(769,5,NULL,NULL,1),(770,5,NULL,NULL,1),(771,5,NULL,NULL,1),(772,5,NULL,NULL,1),(773,5,NULL,NULL,1),(774,5,NULL,NULL,1),(775,5,NULL,NULL,1),(776,5,NULL,NULL,1),(777,5,NULL,NULL,1),(778,5,NULL,NULL,1),(779,5,NULL,NULL,1),(780,5,NULL,NULL,1),(781,5,NULL,NULL,1),(782,5,NULL,NULL,1),(783,5,NULL,NULL,1),(784,5,NULL,NULL,1),(785,5,NULL,NULL,1),(786,5,NULL,NULL,1),(787,5,NULL,NULL,1),(788,5,NULL,NULL,1),(789,5,NULL,NULL,1),(790,5,NULL,NULL,1),(791,5,NULL,NULL,1),(792,5,NULL,NULL,1),(793,5,NULL,NULL,1),(794,5,NULL,NULL,1),(795,5,NULL,NULL,1),(796,5,NULL,NULL,1),(797,5,NULL,NULL,1),(798,5,NULL,NULL,1),(799,5,NULL,NULL,1),(800,5,NULL,NULL,1),(801,5,NULL,NULL,1),(802,4,NULL,NULL,1),(803,4,NULL,NULL,1),(804,4,NULL,NULL,1),(805,4,NULL,NULL,1),(806,4,NULL,NULL,1),(807,4,NULL,NULL,1),(808,4,NULL,NULL,1),(809,4,NULL,NULL,1),(810,4,NULL,NULL,1),(811,4,NULL,NULL,1),(812,4,NULL,NULL,1),(813,4,NULL,NULL,1),(814,4,NULL,NULL,1),(815,4,NULL,NULL,1),(816,4,NULL,NULL,1),(817,4,NULL,NULL,1),(818,4,NULL,NULL,1),(819,4,NULL,NULL,1),(820,4,NULL,NULL,1),(821,4,NULL,NULL,1),(822,4,NULL,NULL,1),(823,4,NULL,NULL,1),(824,4,NULL,NULL,1),(825,4,NULL,NULL,1),(826,4,NULL,NULL,1),(827,4,NULL,NULL,1),(828,4,NULL,NULL,1),(829,4,NULL,NULL,1),(830,4,NULL,NULL,1),(831,4,NULL,NULL,1),(832,4,NULL,NULL,1),(833,4,NULL,NULL,1),(834,4,NULL,NULL,1),(835,4,NULL,NULL,1),(836,4,NULL,NULL,1),(837,4,NULL,NULL,1),(838,4,NULL,NULL,1),(839,5,NULL,NULL,1),(840,5,NULL,NULL,1),(841,5,NULL,NULL,1),(842,5,NULL,NULL,1),(843,5,NULL,NULL,1),(844,5,NULL,NULL,1),(845,5,NULL,NULL,1),(846,5,NULL,NULL,1),(847,5,NULL,NULL,1),(848,5,NULL,NULL,1),(849,5,NULL,NULL,1),(850,5,NULL,NULL,1),(851,5,NULL,NULL,1),(852,5,NULL,NULL,1),(853,5,NULL,NULL,1),(854,5,NULL,NULL,1),(855,5,NULL,NULL,1),(856,5,NULL,NULL,1),(857,5,NULL,NULL,1),(858,5,NULL,NULL,1),(859,5,NULL,NULL,1),(860,5,NULL,NULL,1),(861,5,NULL,NULL,1),(862,5,NULL,NULL,1),(863,5,NULL,NULL,1),(864,5,NULL,NULL,1),(865,5,NULL,NULL,1),(866,5,NULL,NULL,1),(867,5,NULL,NULL,1),(868,5,NULL,NULL,1),(869,5,NULL,NULL,1),(870,5,NULL,NULL,1),(871,5,NULL,NULL,1),(872,5,NULL,NULL,1),(873,5,NULL,NULL,1),(874,5,NULL,NULL,1),(875,5,NULL,NULL,1),(876,5,NULL,NULL,1),(877,5,NULL,NULL,1),(878,5,NULL,NULL,1),(879,5,NULL,NULL,1),(880,5,NULL,NULL,1),(881,5,NULL,NULL,1),(882,5,NULL,NULL,1),(883,5,NULL,NULL,1),(884,5,NULL,NULL,1),(885,5,NULL,NULL,1),(886,5,NULL,NULL,1),(887,5,NULL,NULL,1),(888,5,NULL,NULL,1),(889,5,NULL,NULL,1),(890,5,NULL,NULL,1),(891,5,NULL,NULL,1),(892,5,NULL,NULL,1),(893,4,NULL,NULL,1),(894,4,NULL,NULL,1),(895,4,NULL,NULL,1),(896,4,NULL,NULL,1),(897,4,NULL,NULL,1),(898,4,NULL,NULL,1),(899,4,NULL,NULL,1),(900,4,NULL,NULL,1),(901,4,NULL,NULL,1),(902,4,NULL,NULL,1),(903,4,NULL,NULL,1),(904,4,NULL,NULL,1),(905,4,NULL,NULL,1),(906,4,NULL,NULL,1),(907,4,NULL,NULL,1),(908,4,NULL,NULL,1),(909,4,NULL,NULL,1),(910,4,NULL,NULL,1),(911,4,NULL,NULL,1),(912,4,NULL,NULL,1),(913,4,NULL,NULL,1),(914,4,NULL,NULL,1),(915,4,NULL,NULL,1),(916,4,NULL,NULL,1),(917,4,NULL,NULL,1),(918,5,NULL,NULL,1),(919,5,NULL,NULL,1),(920,5,NULL,NULL,1),(921,5,NULL,NULL,1),(922,5,NULL,NULL,1),(923,5,NULL,NULL,1),(924,5,NULL,NULL,1),(925,5,NULL,NULL,1),(926,5,NULL,NULL,1),(927,5,NULL,NULL,1),(928,5,NULL,NULL,1),(929,5,NULL,NULL,1),(930,5,NULL,NULL,1),(931,5,NULL,NULL,1),(932,5,NULL,NULL,1),(933,5,NULL,NULL,1),(934,5,NULL,NULL,1),(935,5,NULL,NULL,1),(936,5,NULL,NULL,1),(937,5,NULL,NULL,1),(938,5,NULL,NULL,1),(939,5,NULL,NULL,1),(940,3,NULL,NULL,1),(941,3,NULL,NULL,1),(942,3,NULL,NULL,1),(943,3,NULL,NULL,1),(944,3,NULL,NULL,1),(945,3,NULL,NULL,1),(946,3,NULL,NULL,1),(947,3,NULL,NULL,1),(948,3,NULL,NULL,1),(949,3,NULL,NULL,1),(950,3,NULL,NULL,1),(951,3,NULL,NULL,1),(952,3,NULL,NULL,1),(953,3,NULL,NULL,1),(954,3,NULL,NULL,1),(955,3,NULL,NULL,1),(956,3,NULL,NULL,1),(957,3,NULL,NULL,1),(958,3,NULL,NULL,1),(959,3,NULL,NULL,1),(960,4,NULL,NULL,1),(961,4,NULL,NULL,1),(962,4,NULL,NULL,1),(963,4,NULL,NULL,1),(964,4,NULL,NULL,1),(965,4,NULL,NULL,1),(966,4,NULL,NULL,1),(967,4,NULL,NULL,1),(968,4,NULL,NULL,1),(969,4,NULL,NULL,1),(970,4,NULL,NULL,1),(971,4,NULL,NULL,1),(972,4,NULL,NULL,1),(973,4,NULL,NULL,1),(974,4,NULL,NULL,1),(975,4,NULL,NULL,1),(976,4,NULL,NULL,1),(977,4,NULL,NULL,1),(978,4,NULL,NULL,1),(979,4,NULL,NULL,1),(980,4,NULL,NULL,1),(981,4,NULL,NULL,1),(982,4,NULL,NULL,1),(983,4,NULL,NULL,1),(984,4,NULL,NULL,1),(985,4,NULL,NULL,1),(986,4,NULL,NULL,1),(987,4,NULL,NULL,1),(988,4,NULL,NULL,1),(989,4,NULL,NULL,1),(990,4,NULL,NULL,1),(991,4,NULL,NULL,1),(992,4,NULL,NULL,1),(993,4,NULL,NULL,1),(994,4,NULL,NULL,1),(995,4,NULL,NULL,1),(996,4,NULL,NULL,1),(997,4,NULL,NULL,1),(998,4,NULL,NULL,1),(999,4,NULL,NULL,1),(1000,4,NULL,NULL,1),(1001,4,NULL,NULL,1),(1002,4,NULL,NULL,1),(1003,4,NULL,NULL,1),(1004,4,NULL,NULL,1),(1005,4,NULL,NULL,1),(1006,4,NULL,NULL,1),(1007,4,NULL,NULL,1),(1008,4,NULL,NULL,1),(1009,4,NULL,NULL,1),(1010,4,NULL,NULL,1),(1011,4,NULL,NULL,1),(1012,4,NULL,NULL,1),(1013,4,NULL,NULL,1),(1014,5,NULL,NULL,1),(1015,5,NULL,NULL,1),(1016,5,NULL,NULL,1),(1017,5,NULL,NULL,1),(1018,5,NULL,NULL,1),(1019,5,NULL,NULL,1),(1020,5,NULL,NULL,1),(1021,5,NULL,NULL,1),(1022,5,NULL,NULL,1),(1023,5,NULL,NULL,1),(1024,5,NULL,NULL,1),(1025,5,NULL,NULL,1),(1026,5,NULL,NULL,1),(1027,5,NULL,NULL,1),(1028,5,NULL,NULL,1),(1029,5,NULL,NULL,1),(1030,5,NULL,NULL,1),(1031,5,NULL,NULL,1),(1032,5,NULL,NULL,1),(1033,5,NULL,NULL,1),(1034,5,NULL,NULL,1),(1035,5,NULL,NULL,1),(1036,5,NULL,NULL,1),(1037,5,NULL,NULL,1),(1038,5,NULL,NULL,1),(1039,5,NULL,NULL,1),(1040,5,NULL,NULL,1),(1041,5,NULL,NULL,1),(1042,5,NULL,NULL,1),(1043,5,NULL,NULL,1),(1044,5,NULL,NULL,1),(1045,3,NULL,NULL,1),(1046,3,NULL,NULL,1),(1047,3,NULL,NULL,1),(1048,3,NULL,NULL,1),(1049,3,NULL,NULL,1),(1050,3,NULL,NULL,1),(1051,3,NULL,NULL,1),(1052,3,NULL,NULL,1),(1053,3,NULL,NULL,1),(1054,3,NULL,NULL,1),(1055,3,NULL,NULL,1),(1056,3,NULL,NULL,1),(1057,2,NULL,NULL,1),(1058,2,NULL,NULL,1),(1059,2,NULL,NULL,1),(1060,2,NULL,NULL,1),(1061,2,NULL,NULL,1),(1062,2,NULL,NULL,1),(1063,4,NULL,NULL,1),(1064,4,NULL,NULL,1),(1065,4,NULL,NULL,1),(1066,4,NULL,NULL,1),(1067,4,NULL,NULL,1),(1068,4,NULL,NULL,1),(1069,4,NULL,NULL,1),(1070,4,NULL,NULL,1),(1071,4,NULL,NULL,1),(1072,4,NULL,NULL,1),(1073,4,NULL,NULL,1),(1074,4,NULL,NULL,1),(1075,4,NULL,NULL,1),(1076,4,NULL,NULL,1),(1077,4,NULL,NULL,1),(1078,3,NULL,NULL,1),(1079,3,NULL,NULL,1),(1080,3,NULL,NULL,1),(1081,3,NULL,NULL,1),(1082,3,NULL,NULL,1),(1083,3,NULL,NULL,1),(1084,3,NULL,NULL,1),(1085,3,NULL,NULL,1),(1086,3,NULL,NULL,1),(1087,3,NULL,NULL,1),(1088,3,NULL,NULL,1),(1089,3,NULL,NULL,1),(1090,3,NULL,NULL,1),(1091,3,NULL,NULL,1),(1092,3,NULL,NULL,1),(1093,3,NULL,NULL,1),(1094,3,NULL,NULL,1),(1095,3,NULL,NULL,1),(1096,3,NULL,NULL,1),(1097,4,NULL,NULL,1),(1098,4,NULL,NULL,1),(1099,4,NULL,NULL,1),(1100,4,NULL,NULL,1),(1101,4,NULL,NULL,1),(1102,4,NULL,NULL,1),(1103,4,NULL,NULL,1),(1104,4,NULL,NULL,1),(1105,4,NULL,NULL,1),(1106,4,NULL,NULL,1),(1107,4,NULL,NULL,1),(1108,4,NULL,NULL,1),(1109,4,NULL,NULL,1),(1110,4,NULL,NULL,1),(1111,4,NULL,NULL,1),(1112,4,NULL,NULL,1),(1113,4,NULL,NULL,1),(1114,4,NULL,NULL,1),(1115,5,NULL,NULL,1),(1116,5,NULL,NULL,1),(1117,5,NULL,NULL,1),(1118,5,NULL,NULL,1),(1119,5,NULL,NULL,1),(1120,5,NULL,NULL,1),(1121,5,NULL,NULL,1),(1122,5,NULL,NULL,1),(1123,5,NULL,NULL,1),(1124,5,NULL,NULL,1),(1125,5,NULL,NULL,1),(1126,5,NULL,NULL,1),(1127,5,NULL,NULL,1),(1128,5,NULL,NULL,1),(1129,5,NULL,NULL,1),(1130,5,NULL,NULL,1),(1131,5,NULL,NULL,1),(1132,4,NULL,NULL,1),(1133,4,NULL,NULL,1),(1134,4,NULL,NULL,1),(1135,4,NULL,NULL,1),(1136,4,NULL,NULL,1),(1137,4,NULL,NULL,1),(1138,4,NULL,NULL,1),(1139,4,NULL,NULL,1),(1140,4,NULL,NULL,1),(1141,4,NULL,NULL,1),(1142,4,NULL,NULL,1),(1143,4,NULL,NULL,1),(1144,4,NULL,NULL,1),(1145,4,NULL,NULL,1),(1146,4,NULL,NULL,1),(1147,4,NULL,NULL,1),(1148,4,NULL,NULL,1),(1149,4,NULL,NULL,1),(1150,4,NULL,NULL,1),(1151,4,NULL,NULL,1),(1152,4,NULL,NULL,1),(1153,4,NULL,NULL,1),(1154,4,NULL,NULL,1),(1155,4,NULL,NULL,1),(1156,4,NULL,NULL,1),(1157,4,NULL,NULL,1),(1158,4,NULL,NULL,1),(1159,4,NULL,NULL,1),(1160,4,NULL,NULL,1),(1161,4,NULL,NULL,1),(1162,4,NULL,NULL,1),(1163,4,NULL,NULL,1),(1164,4,NULL,NULL,1),(1165,4,NULL,NULL,1),(1166,4,NULL,NULL,1),(1167,4,NULL,NULL,1),(1168,4,NULL,NULL,1),(1169,4,NULL,NULL,1),(1170,4,NULL,NULL,1),(1171,4,NULL,NULL,1),(1172,4,NULL,NULL,1),(1173,4,NULL,NULL,1),(1174,4,NULL,NULL,1),(1175,4,NULL,NULL,1),(1176,4,NULL,NULL,1),(1177,4,NULL,NULL,1),(1178,4,NULL,NULL,1),(1179,4,NULL,NULL,1),(1180,4,NULL,NULL,1),(1181,4,NULL,NULL,1),(1182,4,NULL,NULL,1),(1183,4,NULL,NULL,1),(1184,4,NULL,NULL,1),(1185,4,NULL,NULL,1),(1186,4,NULL,NULL,1),(1187,4,NULL,NULL,1),(1188,4,NULL,NULL,1),(1189,4,NULL,NULL,1),(1190,4,NULL,NULL,1),(1191,4,NULL,NULL,1),(1192,4,NULL,NULL,1),(1193,5,NULL,NULL,1),(1194,5,NULL,NULL,1),(1195,5,NULL,NULL,1),(1196,5,NULL,NULL,1),(1197,5,NULL,NULL,1),(1198,5,NULL,NULL,1),(1199,5,NULL,NULL,1),(1200,5,NULL,NULL,1),(1201,5,NULL,NULL,1),(1202,5,NULL,NULL,1),(1203,5,NULL,NULL,1),(1204,5,NULL,NULL,1),(1205,5,NULL,NULL,1),(1206,5,NULL,NULL,1),(1207,5,NULL,NULL,1),(1208,5,NULL,NULL,1),(1209,5,NULL,NULL,1),(1210,5,NULL,NULL,1),(1211,5,NULL,NULL,1),(1212,5,NULL,NULL,1),(1213,5,NULL,NULL,1),(1214,5,NULL,NULL,1),(1215,5,NULL,NULL,1),(1216,5,NULL,NULL,1),(1217,5,NULL,NULL,1),(1218,5,NULL,NULL,1),(1219,3,NULL,NULL,1),(1220,3,NULL,NULL,1),(1221,3,NULL,NULL,1),(1222,3,NULL,NULL,1),(1223,3,NULL,NULL,1),(1224,3,NULL,NULL,1),(1225,3,NULL,NULL,1),(1226,3,NULL,NULL,1),(1227,3,NULL,NULL,1),(1228,3,NULL,NULL,1),(1229,3,NULL,NULL,1),(1230,3,NULL,NULL,1),(1231,3,NULL,NULL,1),(1232,3,NULL,NULL,1),(1233,3,NULL,NULL,1),(1234,3,NULL,NULL,1),(1235,3,NULL,NULL,1),(1236,3,NULL,NULL,1),(1237,3,NULL,NULL,1),(1238,3,NULL,NULL,1),(1239,3,NULL,NULL,1),(1240,3,NULL,NULL,1),(1241,3,NULL,NULL,1),(1242,3,NULL,NULL,1),(1243,3,NULL,NULL,1),(1244,3,NULL,NULL,1),(1245,3,NULL,NULL,1),(1246,3,NULL,NULL,1),(1247,3,NULL,NULL,1),(1248,3,NULL,NULL,1),(1249,3,NULL,NULL,1),(1250,3,NULL,NULL,1),(1251,4,NULL,NULL,1),(1252,4,NULL,NULL,1),(1253,4,NULL,NULL,1),(1254,4,NULL,NULL,1),(1255,4,NULL,NULL,1),(1256,4,NULL,NULL,1),(1257,4,NULL,NULL,1),(1258,4,NULL,NULL,1),(1259,4,NULL,NULL,1),(1260,4,NULL,NULL,1),(1261,4,NULL,NULL,1),(1262,4,NULL,NULL,1),(1263,4,NULL,NULL,1),(1264,4,NULL,NULL,1),(1265,4,NULL,NULL,1),(1266,4,NULL,NULL,1),(1267,4,NULL,NULL,1),(1268,4,NULL,NULL,1),(1269,4,NULL,NULL,1),(1270,4,NULL,NULL,1),(1271,4,NULL,NULL,1),(1272,4,NULL,NULL,1),(1273,4,NULL,NULL,1),(1274,4,NULL,NULL,1),(1275,4,NULL,NULL,1),(1276,4,NULL,NULL,1),(1277,4,NULL,NULL,1),(1278,4,NULL,NULL,1),(1279,4,NULL,NULL,1),(1280,4,NULL,NULL,1),(1281,4,NULL,NULL,1),(1282,4,NULL,NULL,1),(1283,4,NULL,NULL,1),(1284,4,NULL,NULL,1),(1285,4,NULL,NULL,1),(1286,4,NULL,NULL,1),(1287,4,NULL,NULL,1),(1288,4,NULL,NULL,1),(1289,4,NULL,NULL,1),(1290,4,NULL,NULL,1),(1291,4,NULL,NULL,1),(1292,4,NULL,NULL,1),(1293,4,NULL,NULL,1),(1294,4,NULL,NULL,1),(1295,4,NULL,NULL,1),(1296,4,NULL,NULL,1),(1297,4,NULL,NULL,1),(1298,4,NULL,NULL,1),(1299,4,NULL,NULL,1),(1300,4,NULL,NULL,1),(1301,4,NULL,NULL,1),(1302,4,NULL,NULL,1),(1303,4,NULL,NULL,1),(1304,4,NULL,NULL,1),(1305,4,NULL,NULL,1),(1306,4,NULL,NULL,1),(1307,4,NULL,NULL,1),(1308,4,NULL,NULL,1),(1309,4,NULL,NULL,1),(1310,4,NULL,NULL,1),(1311,4,NULL,NULL,1),(1312,4,NULL,NULL,1),(1313,4,NULL,NULL,1),(1314,4,NULL,NULL,1),(1315,4,NULL,NULL,1),(1316,4,NULL,NULL,1),(1317,4,NULL,NULL,1),(1318,4,NULL,NULL,1),(1319,4,NULL,NULL,1),(1320,4,NULL,NULL,1),(1321,4,NULL,NULL,1),(1322,4,NULL,NULL,1),(1323,4,NULL,NULL,1),(1324,4,NULL,NULL,1),(1325,4,NULL,NULL,1),(1326,4,NULL,NULL,1),(1327,4,NULL,NULL,1),(1328,4,NULL,NULL,1),(1329,4,NULL,NULL,1),(1330,4,NULL,NULL,1),(1331,4,NULL,NULL,1),(1332,4,NULL,NULL,1),(1333,4,NULL,NULL,1),(1334,4,NULL,NULL,1),(1335,4,NULL,NULL,1),(1336,4,NULL,NULL,1),(1337,4,NULL,NULL,1),(1338,4,NULL,NULL,1),(1339,4,NULL,NULL,1),(1340,4,NULL,NULL,1),(1341,4,NULL,NULL,1),(1342,4,NULL,NULL,1),(1343,4,NULL,NULL,1),(1344,4,NULL,NULL,1),(1345,4,NULL,NULL,1),(1346,4,NULL,NULL,1),(1347,4,NULL,NULL,1),(1348,4,NULL,NULL,1),(1349,4,NULL,NULL,1),(1350,4,NULL,NULL,1),(1351,4,NULL,NULL,1),(1352,4,NULL,NULL,1),(1353,4,NULL,NULL,1),(1354,4,NULL,NULL,1),(1355,3,NULL,NULL,1),(1356,3,NULL,NULL,1),(1357,3,NULL,NULL,1),(1358,3,NULL,NULL,1),(1359,3,NULL,NULL,1),(1360,3,NULL,NULL,1),(1361,5,NULL,NULL,1),(1362,5,NULL,NULL,1),(1363,4,NULL,NULL,1),(1364,4,NULL,NULL,1),(1365,4,NULL,NULL,1),(1366,4,NULL,NULL,1),(1367,4,NULL,NULL,1),(1368,4,NULL,NULL,1),(1369,4,NULL,NULL,1),(1370,4,NULL,NULL,1),(1371,4,NULL,NULL,1),(1372,4,NULL,NULL,1),(1373,4,NULL,NULL,1),(1374,4,NULL,NULL,1),(1375,4,NULL,NULL,1),(1376,4,NULL,NULL,1),(1377,4,NULL,NULL,1),(1378,4,NULL,NULL,1),(1379,4,NULL,NULL,1),(1380,4,NULL,NULL,1),(1381,4,NULL,NULL,1),(1382,4,NULL,NULL,1),(1383,4,NULL,NULL,1),(1384,4,NULL,NULL,1),(1385,4,NULL,NULL,1),(1386,4,NULL,NULL,1),(1387,4,NULL,NULL,1),(1388,4,NULL,NULL,1),(1389,4,NULL,NULL,1),(1390,4,NULL,NULL,1),(1391,4,NULL,NULL,1),(1392,4,NULL,NULL,1),(1393,4,NULL,NULL,1),(1394,4,NULL,NULL,1),(1395,4,NULL,NULL,1),(1396,4,NULL,NULL,1),(1397,4,NULL,NULL,1),(1398,3,NULL,NULL,1),(1399,3,NULL,NULL,1),(1400,3,NULL,NULL,1),(1401,3,NULL,NULL,1),(1402,3,NULL,NULL,1),(1403,3,NULL,NULL,1),(1404,3,NULL,NULL,1),(1405,3,NULL,NULL,1),(1406,3,NULL,NULL,1),(1407,3,NULL,NULL,1),(1408,3,NULL,NULL,1),(1409,3,NULL,NULL,1),(1410,3,NULL,NULL,1),(1411,3,NULL,NULL,1),(1412,3,NULL,NULL,1),(1413,3,NULL,NULL,1),(1414,3,NULL,NULL,1),(1415,3,NULL,NULL,1),(1416,3,NULL,NULL,1),(1417,3,NULL,NULL,1),(1418,3,NULL,NULL,1),(1419,3,NULL,NULL,1),(1420,3,NULL,NULL,1),(1421,3,NULL,NULL,1),(1422,3,NULL,NULL,1),(1423,3,NULL,NULL,1),(1424,5,NULL,NULL,1),(1425,5,NULL,NULL,1),(1426,5,NULL,NULL,1),(1427,5,NULL,NULL,1),(1428,5,NULL,NULL,1),(1429,5,NULL,NULL,1),(1430,5,NULL,NULL,1),(1431,5,NULL,NULL,1),(1432,5,NULL,NULL,1),(1433,5,NULL,NULL,1),(1434,5,NULL,NULL,1),(1435,5,NULL,NULL,1),(1436,5,NULL,NULL,1),(1437,5,NULL,NULL,1),(1438,5,NULL,NULL,1),(1439,5,NULL,NULL,1),(1440,5,NULL,NULL,1),(1441,5,NULL,NULL,1),(1442,5,NULL,NULL,1),(1443,5,NULL,NULL,1),(1444,5,NULL,NULL,1),(1445,5,NULL,NULL,1),(1446,5,NULL,NULL,1),(1447,5,NULL,NULL,1),(1448,5,NULL,NULL,1),(1449,5,NULL,NULL,1),(1450,5,NULL,NULL,1),(1451,5,NULL,NULL,1),(1452,5,NULL,NULL,1),(1453,5,NULL,NULL,1),(1454,5,NULL,NULL,1),(1455,5,NULL,NULL,1),(1456,5,NULL,NULL,1),(1457,5,NULL,NULL,1),(1458,5,NULL,NULL,1),(1459,5,NULL,NULL,1),(1460,5,NULL,NULL,1),(1461,5,NULL,NULL,1),(1462,5,NULL,NULL,1),(1463,5,NULL,NULL,1),(1464,5,NULL,NULL,1),(1465,5,NULL,NULL,1),(1466,5,NULL,NULL,1),(1467,5,NULL,NULL,1),(1468,5,NULL,NULL,1),(1469,5,NULL,NULL,1),(1470,5,NULL,NULL,1),(1471,5,NULL,NULL,1),(1472,5,NULL,NULL,1),(1473,4,NULL,NULL,1),(1474,4,NULL,NULL,1),(1475,4,NULL,NULL,1),(1476,4,NULL,NULL,1),(1477,4,NULL,NULL,1),(1478,4,NULL,NULL,1),(1479,4,NULL,NULL,1),(1480,4,NULL,NULL,1),(1481,4,NULL,NULL,1),(1482,4,NULL,NULL,1),(1483,4,NULL,NULL,1),(1484,4,NULL,NULL,1),(1485,4,NULL,NULL,1),(1486,4,NULL,NULL,1),(1487,4,NULL,NULL,1),(1488,4,NULL,NULL,1),(1489,4,NULL,NULL,1),(1490,4,NULL,NULL,1),(1491,4,NULL,NULL,1),(1492,4,NULL,NULL,1),(1493,4,NULL,NULL,1),(1494,4,NULL,NULL,1),(1495,4,NULL,NULL,1),(1496,4,NULL,NULL,1),(1497,4,NULL,NULL,1),(1498,4,NULL,NULL,1),(1499,4,NULL,NULL,1),(1500,4,NULL,NULL,1),(1501,4,NULL,NULL,1),(1502,4,NULL,NULL,1),(1503,4,NULL,NULL,1),(1504,4,NULL,NULL,1),(1505,4,NULL,NULL,1),(1506,4,NULL,NULL,1),(1507,4,NULL,NULL,1),(1508,4,NULL,NULL,1),(1509,4,NULL,NULL,1),(1510,4,NULL,NULL,1),(1511,4,NULL,NULL,1),(1512,4,NULL,NULL,1),(1513,4,NULL,NULL,1),(1514,4,NULL,NULL,1),(1515,4,NULL,NULL,1),(1516,4,NULL,NULL,1),(1517,4,NULL,NULL,1),(1518,4,NULL,NULL,1),(1519,4,NULL,NULL,1),(1520,4,NULL,NULL,1),(1521,4,NULL,NULL,1),(1522,4,NULL,NULL,1),(1523,4,NULL,NULL,1),(1524,4,NULL,NULL,1),(1525,4,NULL,NULL,1),(1526,4,NULL,NULL,1),(1527,4,NULL,NULL,1),(1528,4,NULL,NULL,1),(1529,4,NULL,NULL,1),(1530,4,NULL,NULL,1),(1531,4,NULL,NULL,1),(1532,4,NULL,NULL,1),(1533,4,NULL,NULL,1),(1534,4,NULL,NULL,1),(1535,4,NULL,NULL,1),(1536,4,NULL,NULL,1),(1537,4,NULL,NULL,1),(1538,4,NULL,NULL,1),(1539,4,NULL,NULL,1),(1540,4,NULL,NULL,1),(1541,4,NULL,NULL,1),(1542,4,NULL,NULL,1),(1543,4,NULL,NULL,1),(1544,4,NULL,NULL,1),(1545,4,NULL,NULL,1),(1546,4,NULL,NULL,1),(1547,4,NULL,NULL,1),(1548,4,NULL,NULL,1),(1549,4,NULL,NULL,1),(1550,4,NULL,NULL,1),(1551,4,NULL,NULL,1),(1552,4,NULL,NULL,1),(1553,4,NULL,NULL,1),(1554,4,NULL,NULL,1),(1555,4,NULL,NULL,1),(1556,4,NULL,NULL,1),(1557,4,NULL,NULL,1),(1558,4,NULL,NULL,1),(1559,4,NULL,NULL,1),(1560,4,NULL,NULL,1),(1561,4,NULL,NULL,1),(1562,5,NULL,NULL,1),(1563,5,NULL,NULL,1),(1564,5,NULL,NULL,1),(1565,5,NULL,NULL,1),(1566,5,NULL,NULL,1),(1567,5,NULL,NULL,1),(1568,5,NULL,NULL,1),(1569,5,NULL,NULL,1),(1570,5,NULL,NULL,1),(1571,5,NULL,NULL,1),(1572,5,NULL,NULL,1),(1573,5,NULL,NULL,1),(1574,5,NULL,NULL,1),(1575,5,NULL,NULL,1),(1576,5,NULL,NULL,1),(1577,5,NULL,NULL,1),(1578,5,NULL,NULL,1),(1579,5,NULL,NULL,1),(1580,5,NULL,NULL,1),(1581,5,NULL,NULL,1),(1582,5,NULL,NULL,1),(1583,5,NULL,NULL,1),(1584,5,NULL,NULL,1),(1585,5,NULL,NULL,1),(1586,5,NULL,NULL,1),(1587,5,NULL,NULL,1),(1588,5,NULL,NULL,1),(1589,5,NULL,NULL,1),(1590,5,NULL,NULL,1),(1591,5,NULL,NULL,1),(1592,5,NULL,NULL,1),(1593,5,NULL,NULL,1),(1594,5,NULL,NULL,1),(1595,5,NULL,NULL,1),(1596,5,NULL,NULL,1),(1597,5,NULL,NULL,1),(1598,5,NULL,NULL,1),(1599,5,NULL,NULL,1),(1600,5,NULL,NULL,1),(1601,5,NULL,NULL,1),(1602,5,NULL,NULL,1),(1603,5,NULL,NULL,1),(1604,5,NULL,NULL,1),(1605,5,NULL,NULL,1),(1606,5,NULL,NULL,1),(1607,5,NULL,NULL,1),(1608,5,NULL,NULL,1),(1609,5,NULL,NULL,1),(1610,5,NULL,NULL,1),(1611,5,NULL,NULL,1),(1612,5,NULL,NULL,1),(1613,5,NULL,NULL,1),(1614,5,NULL,NULL,1),(1615,5,NULL,NULL,1),(1616,5,NULL,NULL,1),(1617,5,NULL,NULL,1),(1618,5,NULL,NULL,1),(1619,5,NULL,NULL,1),(1620,5,NULL,NULL,1),(1621,5,NULL,NULL,1),(1622,5,NULL,NULL,1),(1623,5,NULL,NULL,1),(1624,4,NULL,NULL,1),(1625,4,NULL,NULL,1),(1626,4,NULL,NULL,1),(1627,4,NULL,NULL,1),(1628,4,NULL,NULL,1),(1629,4,NULL,NULL,1),(1630,4,NULL,NULL,1),(1631,4,NULL,NULL,1),(1632,4,NULL,NULL,1),(1633,4,NULL,NULL,1),(1634,4,NULL,NULL,1),(1635,4,NULL,NULL,1),(1636,4,NULL,NULL,1),(1637,4,NULL,NULL,1),(1638,4,NULL,NULL,1),(1639,4,NULL,NULL,1),(1640,4,NULL,NULL,1),(1641,4,NULL,NULL,1),(1642,4,NULL,NULL,1),(1643,4,NULL,NULL,1),(1644,4,NULL,NULL,1),(1645,4,NULL,NULL,1),(1646,4,NULL,NULL,1),(1647,2,NULL,NULL,1),(1648,2,NULL,NULL,1),(1649,2,NULL,NULL,1),(1650,2,NULL,NULL,1),(1651,2,NULL,NULL,1),(1652,2,NULL,NULL,1),(1653,2,NULL,NULL,1),(1654,2,NULL,NULL,1),(1655,2,NULL,NULL,1),(1656,2,NULL,NULL,1),(1657,2,NULL,NULL,1),(1658,2,NULL,NULL,1),(1659,5,NULL,NULL,1),(1660,5,NULL,NULL,1),(1661,5,NULL,NULL,1),(1662,5,NULL,NULL,1),(1663,5,NULL,NULL,1),(1664,5,NULL,NULL,1),(1665,5,NULL,NULL,1),(1666,5,NULL,NULL,1),(1667,5,NULL,NULL,1),(1668,5,NULL,NULL,1),(1669,5,NULL,NULL,1),(1670,5,NULL,NULL,1),(1671,5,NULL,NULL,1),(1672,5,NULL,NULL,1),(1673,5,NULL,NULL,1),(1674,5,NULL,NULL,1),(1675,5,NULL,NULL,1),(1676,5,NULL,NULL,1),(1677,5,NULL,NULL,1),(1678,5,NULL,NULL,1),(1679,5,NULL,NULL,1),(1680,5,NULL,NULL,1),(1681,5,NULL,NULL,1),(1682,5,NULL,NULL,1),(1683,5,NULL,NULL,1),(1684,5,NULL,NULL,1),(1685,5,NULL,NULL,1),(1686,5,NULL,NULL,1),(1687,5,NULL,NULL,1),(1688,5,NULL,NULL,1),(1689,5,NULL,NULL,1),(1690,5,NULL,NULL,1),(1691,4,NULL,NULL,1),(1692,4,NULL,NULL,1),(1693,4,NULL,NULL,1),(1694,4,NULL,NULL,1),(1695,4,NULL,NULL,1),(1696,4,NULL,NULL,1),(1697,4,NULL,NULL,1),(1698,4,NULL,NULL,1),(1699,4,NULL,NULL,1),(1700,4,NULL,NULL,1),(1701,4,NULL,NULL,1),(1702,4,NULL,NULL,1),(1703,4,NULL,NULL,1),(1704,4,NULL,NULL,1),(1705,4,NULL,NULL,1),(1706,4,NULL,NULL,1),(1707,4,NULL,NULL,1),(1708,4,NULL,NULL,1),(1709,4,NULL,NULL,1),(1710,4,NULL,NULL,1),(1711,4,NULL,NULL,1),(1712,4,NULL,NULL,1),(1713,4,NULL,NULL,1),(1714,4,NULL,NULL,1),(1715,4,NULL,NULL,1),(1716,4,NULL,NULL,1),(1717,4,NULL,NULL,1),(1718,4,NULL,NULL,1),(1719,4,NULL,NULL,1),(1720,4,NULL,NULL,1),(1721,4,NULL,NULL,1),(1722,4,NULL,NULL,1),(1723,4,NULL,NULL,1),(1724,4,NULL,NULL,1),(1725,4,NULL,NULL,1),(1726,4,NULL,NULL,1),(1727,4,NULL,NULL,1),(1728,4,NULL,NULL,1),(1729,4,NULL,NULL,1),(1730,4,NULL,NULL,1),(1731,4,NULL,NULL,1),(1732,4,NULL,NULL,1),(1733,4,NULL,NULL,1),(1734,4,NULL,NULL,1),(1735,4,NULL,NULL,1),(1736,4,NULL,NULL,1),(1737,4,NULL,NULL,1),(1738,4,NULL,NULL,1),(1739,4,NULL,NULL,1),(1740,4,NULL,NULL,1),(1741,4,NULL,NULL,1),(1742,4,NULL,NULL,1),(1743,4,NULL,NULL,1),(1744,4,NULL,NULL,1),(1745,4,NULL,NULL,1),(1746,4,NULL,NULL,1),(1747,4,NULL,NULL,1),(1748,4,NULL,NULL,1),(1749,4,NULL,NULL,1),(1750,4,NULL,NULL,1),(1751,4,NULL,NULL,1),(1752,4,NULL,NULL,1),(1753,4,NULL,NULL,1),(1754,4,NULL,NULL,1),(1755,4,NULL,NULL,1),(1756,4,NULL,NULL,1),(1757,4,NULL,NULL,1),(1758,4,NULL,NULL,1),(1759,4,NULL,NULL,1),(1760,4,NULL,NULL,1),(1761,4,NULL,NULL,1),(1762,4,NULL,NULL,1),(1763,4,NULL,NULL,1),(1764,4,NULL,NULL,1),(1765,4,NULL,NULL,1),(1766,4,NULL,NULL,1),(1767,4,NULL,NULL,1),(1768,4,NULL,NULL,1),(1769,4,NULL,NULL,1),(1770,4,NULL,NULL,1),(1771,4,NULL,NULL,1),(1772,4,NULL,NULL,1),(1773,4,NULL,NULL,1),(1774,4,NULL,NULL,1),(1775,4,NULL,NULL,1),(1776,4,NULL,NULL,1),(1777,4,NULL,NULL,1),(1778,4,NULL,NULL,1),(1779,4,NULL,NULL,1),(1780,4,NULL,NULL,1),(1781,4,NULL,NULL,1),(1782,3,NULL,NULL,1),(1783,3,NULL,NULL,1),(1784,3,NULL,NULL,1),(1785,3,NULL,NULL,1),(1786,3,NULL,NULL,1),(1787,3,NULL,NULL,1),(1788,3,NULL,NULL,1),(1789,3,NULL,NULL,1),(1790,3,NULL,NULL,1),(1791,3,NULL,NULL,1),(1792,3,NULL,NULL,1),(1793,3,NULL,NULL,1),(1794,3,NULL,NULL,1),(1795,3,NULL,NULL,1),(1796,3,NULL,NULL,1),(1797,3,NULL,NULL,1),(1798,3,NULL,NULL,1),(1799,3,NULL,NULL,1),(1800,3,NULL,NULL,1),(1801,3,NULL,NULL,1),(1802,3,NULL,NULL,1),(1803,3,NULL,NULL,1),(1804,3,NULL,NULL,1),(1805,3,NULL,NULL,1),(1806,2,NULL,NULL,1),(1807,2,NULL,NULL,1),(1808,2,NULL,NULL,1),(1809,2,NULL,NULL,1),(1810,2,NULL,NULL,1),(1811,2,NULL,NULL,1),(1812,2,NULL,NULL,1),(1813,2,NULL,NULL,1),(1814,2,NULL,NULL,1),(1815,2,NULL,NULL,1),(1816,2,NULL,NULL,1),(1817,2,NULL,NULL,1),(1818,2,NULL,NULL,1),(1819,2,NULL,NULL,1),(1820,2,NULL,NULL,1),(1821,2,NULL,NULL,1),(1822,2,NULL,NULL,1),(1823,2,NULL,NULL,1),(1824,2,NULL,NULL,1),(1825,2,NULL,NULL,1),(1826,2,NULL,NULL,1),(1827,5,NULL,NULL,1),(1828,5,NULL,NULL,1),(1829,5,NULL,NULL,1),(1830,5,NULL,NULL,1),(1831,5,NULL,NULL,1),(1832,5,NULL,NULL,1),(1833,5,NULL,NULL,1),(1834,5,NULL,NULL,1),(1835,5,NULL,NULL,1),(1836,5,NULL,NULL,1),(1837,5,NULL,NULL,1),(1838,5,NULL,NULL,1),(1839,5,NULL,NULL,1),(1840,5,NULL,NULL,1),(1841,5,NULL,NULL,1),(1842,5,NULL,NULL,1),(1843,5,NULL,NULL,1),(1844,5,NULL,NULL,1),(1845,5,NULL,NULL,1),(1846,5,NULL,NULL,1),(1847,5,NULL,NULL,1),(1848,5,NULL,NULL,1),(1849,5,NULL,NULL,1),(1850,5,NULL,NULL,1),(1851,5,NULL,NULL,1),(1852,5,NULL,NULL,1),(1853,5,NULL,NULL,1),(1854,5,NULL,NULL,1),(1855,5,NULL,NULL,1),(1856,5,NULL,NULL,1),(1857,5,NULL,NULL,1),(1858,5,NULL,NULL,1),(1859,5,NULL,NULL,1),(1860,5,NULL,NULL,1),(1861,5,NULL,NULL,1),(1862,5,NULL,NULL,1),(1863,5,NULL,NULL,1),(1864,5,NULL,NULL,1),(1865,5,NULL,NULL,1),(1866,5,NULL,NULL,1),(1867,5,NULL,NULL,1),(1868,5,NULL,NULL,1),(1869,5,NULL,NULL,1),(1870,5,NULL,NULL,1),(1871,5,NULL,NULL,1),(1872,5,NULL,NULL,1),(1873,5,NULL,NULL,1),(1874,5,NULL,NULL,1),(1875,5,NULL,NULL,1),(1876,5,NULL,NULL,1),(1877,5,NULL,NULL,1),(1878,5,NULL,NULL,1),(1879,5,NULL,NULL,1),(1880,5,NULL,NULL,1),(1881,5,NULL,NULL,1),(1882,5,NULL,NULL,1),(1883,5,NULL,NULL,1),(1884,5,NULL,NULL,1),(1885,5,NULL,NULL,1),(1886,5,NULL,NULL,1),(1887,5,NULL,NULL,1),(1888,5,NULL,NULL,1),(1889,5,NULL,NULL,1),(1890,5,NULL,NULL,1),(1891,4,NULL,NULL,1),(1892,4,NULL,NULL,1),(1893,4,NULL,NULL,1),(1894,4,NULL,NULL,1),(1895,4,NULL,NULL,1),(1896,4,NULL,NULL,1),(1897,4,NULL,NULL,1),(1898,4,NULL,NULL,1),(1899,4,NULL,NULL,1),(1900,4,NULL,NULL,1),(1901,4,NULL,NULL,1),(1902,4,NULL,NULL,1),(1903,4,NULL,NULL,1),(1904,4,NULL,NULL,1),(1905,4,NULL,NULL,1),(1906,4,NULL,NULL,1),(1907,4,NULL,NULL,1),(1908,4,NULL,NULL,1),(1909,4,NULL,NULL,1),(1910,4,NULL,NULL,1),(1911,4,NULL,NULL,1),(1912,4,NULL,NULL,1),(1913,4,NULL,NULL,1),(1914,4,NULL,NULL,1),(1915,4,NULL,NULL,1),(1916,4,NULL,NULL,1),(1917,4,NULL,NULL,1),(1918,4,NULL,NULL,1),(1919,4,NULL,NULL,1),(1920,4,NULL,NULL,1),(1921,4,NULL,NULL,1),(1922,4,NULL,NULL,1),(1923,4,NULL,NULL,1),(1924,4,NULL,NULL,1),(1925,4,NULL,NULL,1),(1926,4,NULL,NULL,1),(1927,4,NULL,NULL,1),(1928,4,NULL,NULL,1),(1929,4,NULL,NULL,1),(1930,4,NULL,NULL,1),(1931,4,NULL,NULL,1),(1932,4,NULL,NULL,1),(1933,4,NULL,NULL,1),(1934,4,NULL,NULL,1),(1935,4,NULL,NULL,1),(1936,4,NULL,NULL,1),(1937,4,NULL,NULL,1),(1938,4,NULL,NULL,1),(1939,4,NULL,NULL,1),(1940,4,NULL,NULL,1),(1941,4,NULL,NULL,1),(1942,4,NULL,NULL,1),(1943,4,NULL,NULL,1),(1944,4,NULL,NULL,1),(1945,4,NULL,NULL,1),(1946,4,NULL,NULL,1),(1947,4,NULL,NULL,1),(1948,4,NULL,NULL,1),(1949,4,NULL,NULL,1),(1950,4,NULL,NULL,1),(1951,4,NULL,NULL,1),(1952,4,NULL,NULL,1),(1953,4,NULL,NULL,1),(1954,4,NULL,NULL,1),(1955,4,NULL,NULL,1),(1956,4,NULL,NULL,1),(1957,4,NULL,NULL,1),(1958,4,NULL,NULL,1),(1959,4,NULL,NULL,1),(1960,4,NULL,NULL,1),(1961,4,NULL,NULL,1),(1962,4,NULL,NULL,1),(1963,4,NULL,NULL,1),(1964,4,NULL,NULL,1),(1965,4,NULL,NULL,1),(1966,4,NULL,NULL,1),(1967,4,NULL,NULL,1),(1968,4,NULL,NULL,1),(1969,4,NULL,NULL,1),(1970,4,NULL,NULL,1),(1971,4,NULL,NULL,1),(1972,4,NULL,NULL,1),(1973,4,NULL,NULL,1),(1974,4,NULL,NULL,1),(1975,4,NULL,NULL,1),(1976,4,NULL,NULL,1),(1977,4,NULL,NULL,1),(1978,4,NULL,NULL,1),(1979,4,NULL,NULL,1),(1980,4,NULL,NULL,1),(1981,4,NULL,NULL,1),(1982,4,NULL,NULL,1),(1983,4,NULL,NULL,1),(1984,4,NULL,NULL,1),(1985,4,NULL,NULL,1),(1986,4,NULL,NULL,1),(1987,4,NULL,NULL,1),(1988,4,NULL,NULL,1),(1989,4,NULL,NULL,1),(1990,4,NULL,NULL,1),(1991,4,NULL,NULL,1),(1992,4,NULL,NULL,1),(1993,4,NULL,NULL,1),(1994,4,NULL,NULL,1),(1995,4,NULL,NULL,1),(1996,4,NULL,NULL,1),(1997,4,NULL,NULL,1),(1998,4,NULL,NULL,1),(1999,4,NULL,NULL,1),(2000,4,NULL,NULL,1),(2001,4,NULL,NULL,1),(2002,4,NULL,NULL,1),(2003,4,NULL,NULL,1),(2004,4,NULL,NULL,1),(2005,4,NULL,NULL,1),(2006,4,NULL,NULL,1),(2007,4,NULL,NULL,1),(2008,4,NULL,NULL,1),(2009,4,NULL,NULL,1),(2010,4,NULL,NULL,1),(2011,4,NULL,NULL,1),(2012,4,NULL,NULL,1),(2013,4,NULL,NULL,1),(2014,4,NULL,NULL,1),(2015,4,NULL,NULL,1),(2016,4,NULL,NULL,1),(2017,4,NULL,NULL,1),(2018,4,NULL,NULL,1),(2019,4,NULL,NULL,1),(2020,3,NULL,NULL,1),(2021,3,NULL,NULL,1),(2022,3,NULL,NULL,1),(2023,3,NULL,NULL,1),(2024,3,NULL,NULL,1),(2025,3,NULL,NULL,1),(2026,3,NULL,NULL,1),(2027,3,NULL,NULL,1),(2028,3,NULL,NULL,1),(2029,3,NULL,NULL,1),(2030,3,NULL,NULL,1),(2031,3,NULL,NULL,1),(2032,4,NULL,NULL,1),(2033,4,NULL,NULL,1),(2034,4,NULL,NULL,1),(2035,4,NULL,NULL,1),(2036,4,NULL,NULL,1),(2037,4,NULL,NULL,1),(2038,4,NULL,NULL,1),(2039,4,NULL,NULL,1),(2040,4,NULL,NULL,1),(2041,4,NULL,NULL,1),(2042,4,NULL,NULL,1),(2043,4,NULL,NULL,1),(2044,4,NULL,NULL,1),(2045,4,NULL,NULL,1),(2046,4,NULL,NULL,1),(2047,4,NULL,NULL,1),(2048,4,NULL,NULL,1),(2049,4,NULL,NULL,1),(2050,4,NULL,NULL,1),(2051,4,NULL,NULL,1),(2052,4,NULL,NULL,1),(2053,4,NULL,NULL,1),(2054,4,NULL,NULL,1),(2055,4,NULL,NULL,1),(2056,4,NULL,NULL,1),(2057,4,NULL,NULL,1),(2058,4,NULL,NULL,1),(2059,4,NULL,NULL,1),(2060,4,NULL,NULL,1),(2061,4,NULL,NULL,1),(2062,4,NULL,NULL,1),(2063,4,NULL,NULL,1),(2064,4,NULL,NULL,1),(2065,4,NULL,NULL,1),(2066,4,NULL,NULL,1),(2067,4,NULL,NULL,1),(2068,4,NULL,NULL,1),(2069,4,NULL,NULL,1),(2070,4,NULL,NULL,1),(2071,4,NULL,NULL,1),(2072,4,NULL,NULL,1),(2073,4,NULL,NULL,1),(2074,4,NULL,NULL,1),(2075,4,NULL,NULL,1),(2076,4,NULL,NULL,1),(2077,4,NULL,NULL,1),(2078,4,NULL,NULL,1),(2079,4,NULL,NULL,1),(2080,4,NULL,NULL,1),(2081,4,NULL,NULL,1),(2082,4,NULL,NULL,1),(2083,4,NULL,NULL,1),(2084,4,NULL,NULL,1),(2085,4,NULL,NULL,1),(2086,4,NULL,NULL,1),(2087,4,NULL,NULL,1),(2088,4,NULL,NULL,1),(2089,4,NULL,NULL,1),(2090,4,NULL,NULL,1),(2091,4,NULL,NULL,1),(2092,4,NULL,NULL,1),(2093,4,NULL,NULL,1),(2094,5,NULL,NULL,1),(2095,5,NULL,NULL,1),(2096,5,NULL,NULL,1),(2097,5,NULL,NULL,1),(2098,5,NULL,NULL,1),(2099,5,NULL,NULL,1),(2100,5,NULL,NULL,1),(2101,5,NULL,NULL,1),(2102,5,NULL,NULL,1),(2103,5,NULL,NULL,1),(2104,5,NULL,NULL,1),(2105,5,NULL,NULL,1),(2106,5,NULL,NULL,1),(2107,5,NULL,NULL,1),(2108,5,NULL,NULL,1),(2109,5,NULL,NULL,1),(2110,5,NULL,NULL,1),(2111,5,NULL,NULL,1),(2112,5,NULL,NULL,1),(2113,5,NULL,NULL,1),(2114,5,NULL,NULL,1),(2115,5,NULL,NULL,1),(2116,5,NULL,NULL,1),(2117,5,NULL,NULL,1),(2118,5,NULL,NULL,1),(2119,5,NULL,NULL,1),(2120,5,NULL,NULL,1),(2121,5,NULL,NULL,1),(2122,5,NULL,NULL,1),(2123,5,NULL,NULL,1),(2124,5,NULL,NULL,1),(2125,5,NULL,NULL,1),(2126,5,NULL,NULL,1),(2127,5,NULL,NULL,1),(2128,5,NULL,NULL,1),(2129,5,NULL,NULL,1),(2130,5,NULL,NULL,1),(2131,5,NULL,NULL,1),(2132,5,NULL,NULL,1),(2133,5,NULL,NULL,1),(2134,5,NULL,NULL,1),(2135,5,NULL,NULL,1),(2136,5,NULL,NULL,1),(2137,5,NULL,NULL,1),(2138,5,NULL,NULL,1),(2139,5,NULL,NULL,1),(2140,5,NULL,NULL,1),(2141,4,NULL,NULL,1),(2142,4,NULL,NULL,1),(2143,4,NULL,NULL,1),(2144,4,NULL,NULL,1),(2145,4,NULL,NULL,1),(2146,4,NULL,NULL,1),(2147,4,NULL,NULL,1),(2148,4,NULL,NULL,1),(2149,4,NULL,NULL,1),(2150,4,NULL,NULL,1),(2151,4,NULL,NULL,1),(2152,4,NULL,NULL,1),(2153,4,NULL,NULL,1),(2154,4,NULL,NULL,1),(2155,4,NULL,NULL,1),(2156,4,NULL,NULL,1),(2157,4,NULL,NULL,1),(2158,4,NULL,NULL,1),(2159,4,NULL,NULL,1),(2160,4,NULL,NULL,1),(2161,4,NULL,NULL,1),(2162,4,NULL,NULL,1),(2163,4,NULL,NULL,1),(2164,4,NULL,NULL,1),(2165,4,NULL,NULL,1),(2166,4,NULL,NULL,1),(2167,4,NULL,NULL,1),(2168,4,NULL,NULL,1),(2169,4,NULL,NULL,1),(2170,4,NULL,NULL,1),(2171,4,NULL,NULL,1),(2172,4,NULL,NULL,1),(2173,4,NULL,NULL,1),(2174,4,NULL,NULL,1),(2175,4,NULL,NULL,1),(2176,4,NULL,NULL,1),(2177,4,NULL,NULL,1),(2178,5,NULL,NULL,1),(2179,5,NULL,NULL,1),(2180,5,NULL,NULL,1),(2181,5,NULL,NULL,1),(2182,5,NULL,NULL,1),(2183,5,NULL,NULL,1),(2184,5,NULL,NULL,1),(2185,5,NULL,NULL,1),(2186,5,NULL,NULL,1),(2187,5,NULL,NULL,1),(2188,5,NULL,NULL,1),(2189,5,NULL,NULL,1),(2190,5,NULL,NULL,1),(2191,5,NULL,NULL,1),(2192,5,NULL,NULL,1),(2193,5,NULL,NULL,1),(2194,5,NULL,NULL,1),(2195,5,NULL,NULL,1),(2196,5,NULL,NULL,1),(2197,5,NULL,NULL,1),(2198,5,NULL,NULL,1),(2199,5,NULL,NULL,1),(2200,5,NULL,NULL,1),(2201,5,NULL,NULL,1),(2202,5,NULL,NULL,1),(2203,5,NULL,NULL,1),(2204,5,NULL,NULL,1),(2205,5,NULL,NULL,1),(2206,5,NULL,NULL,1),(2207,5,NULL,NULL,1),(2208,5,NULL,NULL,1),(2209,5,NULL,NULL,1),(2210,5,NULL,NULL,1),(2211,5,NULL,NULL,1),(2212,5,NULL,NULL,1),(2213,5,NULL,NULL,1),(2214,5,NULL,NULL,1),(2215,5,NULL,NULL,1),(2216,5,NULL,NULL,1),(2217,5,NULL,NULL,1),(2218,5,NULL,NULL,1),(2219,5,NULL,NULL,1),(2220,5,NULL,NULL,1),(2221,5,NULL,NULL,1),(2222,5,NULL,NULL,1),(2223,5,NULL,NULL,1),(2224,5,NULL,NULL,1),(2225,5,NULL,NULL,1),(2226,5,NULL,NULL,1),(2227,5,NULL,NULL,1),(2228,5,NULL,NULL,1),(2229,5,NULL,NULL,1),(2230,5,NULL,NULL,1),(2231,5,NULL,NULL,1),(2232,4,NULL,NULL,1),(2233,4,NULL,NULL,1),(2234,4,NULL,NULL,1),(2235,4,NULL,NULL,1),(2236,4,NULL,NULL,1),(2237,4,NULL,NULL,1),(2238,4,NULL,NULL,1),(2239,4,NULL,NULL,1),(2240,4,NULL,NULL,1),(2241,4,NULL,NULL,1),(2242,4,NULL,NULL,1),(2243,4,NULL,NULL,1),(2244,4,NULL,NULL,1),(2245,4,NULL,NULL,1),(2246,4,NULL,NULL,1),(2247,4,NULL,NULL,1),(2248,4,NULL,NULL,1),(2249,4,NULL,NULL,1),(2250,4,NULL,NULL,1),(2251,4,NULL,NULL,1),(2252,4,NULL,NULL,1),(2253,4,NULL,NULL,1),(2254,4,NULL,NULL,1),(2255,4,NULL,NULL,1),(2256,4,NULL,NULL,1),(2257,5,NULL,NULL,1),(2258,5,NULL,NULL,1),(2259,5,NULL,NULL,1),(2260,5,NULL,NULL,1),(2261,5,NULL,NULL,1),(2262,5,NULL,NULL,1),(2263,5,NULL,NULL,1),(2264,5,NULL,NULL,1),(2265,5,NULL,NULL,1),(2266,5,NULL,NULL,1),(2267,5,NULL,NULL,1),(2268,5,NULL,NULL,1),(2269,5,NULL,NULL,1),(2270,5,NULL,NULL,1),(2271,5,NULL,NULL,1),(2272,5,NULL,NULL,1),(2273,5,NULL,NULL,1),(2274,5,NULL,NULL,1),(2275,5,NULL,NULL,1),(2276,5,NULL,NULL,1),(2277,5,NULL,NULL,1),(2278,5,NULL,NULL,1),(2279,3,NULL,NULL,1),(2280,3,NULL,NULL,1),(2281,3,NULL,NULL,1),(2282,3,NULL,NULL,1),(2283,3,NULL,NULL,1),(2284,3,NULL,NULL,1),(2285,3,NULL,NULL,1),(2286,3,NULL,NULL,1),(2287,3,NULL,NULL,1),(2288,3,NULL,NULL,1),(2289,3,NULL,NULL,1),(2290,3,NULL,NULL,1),(2291,3,NULL,NULL,1),(2292,3,NULL,NULL,1),(2293,3,NULL,NULL,1),(2294,3,NULL,NULL,1),(2295,3,NULL,NULL,1),(2296,3,NULL,NULL,1),(2297,3,NULL,NULL,1),(2298,3,NULL,NULL,1),(2299,4,NULL,NULL,1),(2300,4,NULL,NULL,1),(2301,4,NULL,NULL,1),(2302,4,NULL,NULL,1),(2303,4,NULL,NULL,1),(2304,4,NULL,NULL,1),(2305,4,NULL,NULL,1),(2306,4,NULL,NULL,1),(2307,4,NULL,NULL,1),(2308,4,NULL,NULL,1),(2309,4,NULL,NULL,1),(2310,4,NULL,NULL,1),(2311,4,NULL,NULL,1),(2312,4,NULL,NULL,1),(2313,4,NULL,NULL,1),(2314,4,NULL,NULL,1),(2315,4,NULL,NULL,1),(2316,4,NULL,NULL,1),(2317,4,NULL,NULL,1),(2318,4,NULL,NULL,1),(2319,4,NULL,NULL,1),(2320,4,NULL,NULL,1),(2321,4,NULL,NULL,1),(2322,4,NULL,NULL,1),(2323,4,NULL,NULL,1),(2324,4,NULL,NULL,1),(2325,4,NULL,NULL,1),(2326,4,NULL,NULL,1),(2327,4,NULL,NULL,1),(2328,4,NULL,NULL,1),(2329,4,NULL,NULL,1),(2330,4,NULL,NULL,1),(2331,4,NULL,NULL,1),(2332,4,NULL,NULL,1),(2333,4,NULL,NULL,1),(2334,4,NULL,NULL,1),(2335,4,NULL,NULL,1),(2336,4,NULL,NULL,1),(2337,4,NULL,NULL,1),(2338,4,NULL,NULL,1),(2339,4,NULL,NULL,1),(2340,4,NULL,NULL,1),(2341,4,NULL,NULL,1),(2342,4,NULL,NULL,1),(2343,4,NULL,NULL,1),(2344,4,NULL,NULL,1),(2345,4,NULL,NULL,1),(2346,4,NULL,NULL,1),(2347,4,NULL,NULL,1),(2348,4,NULL,NULL,1),(2349,4,NULL,NULL,1),(2350,4,NULL,NULL,1),(2351,4,NULL,NULL,1),(2352,4,NULL,NULL,1),(2353,5,NULL,NULL,1),(2354,5,NULL,NULL,1),(2355,5,NULL,NULL,1),(2356,5,NULL,NULL,1),(2357,5,NULL,NULL,1),(2358,5,NULL,NULL,1),(2359,5,NULL,NULL,1),(2360,5,NULL,NULL,1),(2361,5,NULL,NULL,1),(2362,5,NULL,NULL,1),(2363,5,NULL,NULL,1),(2364,5,NULL,NULL,1),(2365,5,NULL,NULL,1),(2366,5,NULL,NULL,1),(2367,5,NULL,NULL,1),(2368,5,NULL,NULL,1),(2369,5,NULL,NULL,1),(2370,5,NULL,NULL,1),(2371,5,NULL,NULL,1),(2372,5,NULL,NULL,1),(2373,5,NULL,NULL,1),(2374,5,NULL,NULL,1),(2375,5,NULL,NULL,1),(2376,5,NULL,NULL,1),(2377,5,NULL,NULL,1),(2378,5,NULL,NULL,1),(2379,5,NULL,NULL,1),(2380,5,NULL,NULL,1),(2381,5,NULL,NULL,1),(2382,5,NULL,NULL,1),(2383,5,NULL,NULL,1),(2384,3,NULL,NULL,1),(2385,3,NULL,NULL,1),(2386,3,NULL,NULL,1),(2387,3,NULL,NULL,1),(2388,3,NULL,NULL,1),(2389,3,NULL,NULL,1),(2390,3,NULL,NULL,1),(2391,3,NULL,NULL,1),(2392,3,NULL,NULL,1),(2393,3,NULL,NULL,1),(2394,3,NULL,NULL,1),(2395,3,NULL,NULL,1),(2396,2,NULL,NULL,1),(2397,2,NULL,NULL,1),(2398,2,NULL,NULL,1),(2399,2,NULL,NULL,1),(2400,2,NULL,NULL,1),(2401,2,NULL,NULL,1),(2402,4,NULL,NULL,1),(2403,4,NULL,NULL,1),(2404,4,NULL,NULL,1),(2405,4,NULL,NULL,1),(2406,4,NULL,NULL,1),(2407,4,NULL,NULL,1),(2408,4,NULL,NULL,1),(2409,4,NULL,NULL,1),(2410,4,NULL,NULL,1),(2411,4,NULL,NULL,1),(2412,4,NULL,NULL,1),(2413,4,NULL,NULL,1),(2414,4,NULL,NULL,1),(2415,4,NULL,NULL,1),(2416,4,NULL,NULL,1),(2417,3,NULL,NULL,1),(2418,3,NULL,NULL,1),(2419,3,NULL,NULL,1),(2420,3,NULL,NULL,1),(2421,3,NULL,NULL,1),(2422,3,NULL,NULL,1),(2423,3,NULL,NULL,1),(2424,3,NULL,NULL,1),(2425,3,NULL,NULL,1),(2426,3,NULL,NULL,1),(2427,3,NULL,NULL,1),(2428,3,NULL,NULL,1),(2429,3,NULL,NULL,1),(2430,3,NULL,NULL,1),(2431,3,NULL,NULL,1),(2432,3,NULL,NULL,1),(2433,3,NULL,NULL,1),(2434,3,NULL,NULL,1),(2435,3,NULL,NULL,1),(2436,4,NULL,NULL,1),(2437,4,NULL,NULL,1),(2438,4,NULL,NULL,1),(2439,4,NULL,NULL,1),(2440,4,NULL,NULL,1),(2441,4,NULL,NULL,1),(2442,4,NULL,NULL,1),(2443,4,NULL,NULL,1),(2444,4,NULL,NULL,1),(2445,4,NULL,NULL,1),(2446,4,NULL,NULL,1),(2447,4,NULL,NULL,1),(2448,4,NULL,NULL,1),(2449,4,NULL,NULL,1),(2450,4,NULL,NULL,1),(2451,4,NULL,NULL,1),(2452,4,NULL,NULL,1),(2453,4,NULL,NULL,1),(2454,5,NULL,NULL,1),(2455,5,NULL,NULL,1),(2456,5,NULL,NULL,1),(2457,5,NULL,NULL,1),(2458,5,NULL,NULL,1),(2459,5,NULL,NULL,1),(2460,5,NULL,NULL,1),(2461,5,NULL,NULL,1),(2462,5,NULL,NULL,1),(2463,5,NULL,NULL,1),(2464,5,NULL,NULL,1),(2465,5,NULL,NULL,1),(2466,5,NULL,NULL,1),(2467,5,NULL,NULL,1),(2468,5,NULL,NULL,1),(2469,5,NULL,NULL,1),(2470,5,NULL,NULL,1),(2471,4,NULL,NULL,1),(2472,4,NULL,NULL,1),(2473,4,NULL,NULL,1),(2474,4,NULL,NULL,1),(2475,4,NULL,NULL,1),(2476,4,NULL,NULL,1),(2477,4,NULL,NULL,1),(2478,4,NULL,NULL,1),(2479,4,NULL,NULL,1),(2480,4,NULL,NULL,1),(2481,4,NULL,NULL,1),(2482,4,NULL,NULL,1),(2483,4,NULL,NULL,1),(2484,4,NULL,NULL,1),(2485,4,NULL,NULL,1),(2486,4,NULL,NULL,1),(2487,4,NULL,NULL,1),(2488,4,NULL,NULL,1),(2489,4,NULL,NULL,1),(2490,4,NULL,NULL,1),(2491,4,NULL,NULL,1),(2492,4,NULL,NULL,1),(2493,4,NULL,NULL,1),(2494,4,NULL,NULL,1),(2495,4,NULL,NULL,1),(2496,4,NULL,NULL,1),(2497,4,NULL,NULL,1),(2498,4,NULL,NULL,1),(2499,4,NULL,NULL,1),(2500,4,NULL,NULL,1),(2501,4,NULL,NULL,1),(2502,4,NULL,NULL,1),(2503,4,NULL,NULL,1),(2504,4,NULL,NULL,1),(2505,4,NULL,NULL,1),(2506,4,NULL,NULL,1),(2507,4,NULL,NULL,1),(2508,4,NULL,NULL,1),(2509,4,NULL,NULL,1),(2510,4,NULL,NULL,1),(2511,4,NULL,NULL,1),(2512,4,NULL,NULL,1),(2513,4,NULL,NULL,1),(2514,4,NULL,NULL,1),(2515,4,NULL,NULL,1),(2516,4,NULL,NULL,1),(2517,4,NULL,NULL,1),(2518,4,NULL,NULL,1),(2519,4,NULL,NULL,1),(2520,4,NULL,NULL,1),(2521,4,NULL,NULL,1),(2522,4,NULL,NULL,1),(2523,4,NULL,NULL,1),(2524,4,NULL,NULL,1),(2525,4,NULL,NULL,1),(2526,4,NULL,NULL,1),(2527,4,NULL,NULL,1),(2528,4,NULL,NULL,1),(2529,4,NULL,NULL,1),(2530,4,NULL,NULL,1),(2531,4,NULL,NULL,1),(2532,5,NULL,NULL,1),(2533,5,NULL,NULL,1),(2534,5,NULL,NULL,1),(2535,5,NULL,NULL,1),(2536,5,NULL,NULL,1),(2537,5,NULL,NULL,1),(2538,5,NULL,NULL,1),(2539,5,NULL,NULL,1),(2540,5,NULL,NULL,1),(2541,5,NULL,NULL,1),(2542,5,NULL,NULL,1),(2543,5,NULL,NULL,1),(2544,5,NULL,NULL,1),(2545,5,NULL,NULL,1),(2546,5,NULL,NULL,1),(2547,5,NULL,NULL,1),(2548,5,NULL,NULL,1),(2549,5,NULL,NULL,1),(2550,5,NULL,NULL,1),(2551,5,NULL,NULL,1),(2552,5,NULL,NULL,1),(2553,5,NULL,NULL,1),(2554,5,NULL,NULL,1),(2555,5,NULL,NULL,1),(2556,5,NULL,NULL,1),(2557,5,NULL,NULL,1),(2558,3,NULL,NULL,1),(2559,3,NULL,NULL,1),(2560,3,NULL,NULL,1),(2561,3,NULL,NULL,1),(2562,3,NULL,NULL,1),(2563,3,NULL,NULL,1),(2564,3,NULL,NULL,1),(2565,3,NULL,NULL,1),(2566,3,NULL,NULL,1),(2567,3,NULL,NULL,1),(2568,3,NULL,NULL,1),(2569,3,NULL,NULL,1),(2570,3,NULL,NULL,1),(2571,3,NULL,NULL,1),(2572,3,NULL,NULL,1),(2573,3,NULL,NULL,1),(2574,3,NULL,NULL,1),(2575,3,NULL,NULL,1),(2576,3,NULL,NULL,1),(2577,3,NULL,NULL,1),(2578,3,NULL,NULL,1),(2579,3,NULL,NULL,1),(2580,3,NULL,NULL,1),(2581,3,NULL,NULL,1),(2582,3,NULL,NULL,1),(2583,3,NULL,NULL,1),(2584,3,NULL,NULL,1),(2585,3,NULL,NULL,1),(2586,3,NULL,NULL,1),(2587,3,NULL,NULL,1),(2588,3,NULL,NULL,1),(2589,3,NULL,NULL,1),(2590,4,NULL,NULL,1),(2591,4,NULL,NULL,1),(2592,4,NULL,NULL,1),(2593,4,NULL,NULL,1),(2594,4,NULL,NULL,1),(2595,4,NULL,NULL,1),(2596,4,NULL,NULL,1),(2597,4,NULL,NULL,1),(2598,4,NULL,NULL,1),(2599,4,NULL,NULL,1),(2600,4,NULL,NULL,1),(2601,4,NULL,NULL,1),(2602,4,NULL,NULL,1),(2603,4,NULL,NULL,1),(2604,4,NULL,NULL,1),(2605,4,NULL,NULL,1),(2606,4,NULL,NULL,1),(2607,4,NULL,NULL,1),(2608,4,NULL,NULL,1),(2609,4,NULL,NULL,1),(2610,4,NULL,NULL,1),(2611,4,NULL,NULL,1),(2612,4,NULL,NULL,1),(2613,4,NULL,NULL,1),(2614,4,NULL,NULL,1),(2615,4,NULL,NULL,1),(2616,4,NULL,NULL,1),(2617,4,NULL,NULL,1),(2618,4,NULL,NULL,1),(2619,4,NULL,NULL,1),(2620,4,NULL,NULL,1),(2621,4,NULL,NULL,1),(2622,4,NULL,NULL,1),(2623,4,NULL,NULL,1),(2624,4,NULL,NULL,1),(2625,4,NULL,NULL,1),(2626,4,NULL,NULL,1),(2627,4,NULL,NULL,1),(2628,4,NULL,NULL,1),(2629,4,NULL,NULL,1),(2630,4,NULL,NULL,1),(2631,4,NULL,NULL,1),(2632,4,NULL,NULL,1),(2633,4,NULL,NULL,1),(2634,4,NULL,NULL,1),(2635,4,NULL,NULL,1),(2636,4,NULL,NULL,1),(2637,4,NULL,NULL,1),(2638,4,NULL,NULL,1),(2639,4,NULL,NULL,1),(2640,4,NULL,NULL,1),(2641,4,NULL,NULL,1),(2642,4,NULL,NULL,1),(2643,4,NULL,NULL,1),(2644,4,NULL,NULL,1),(2645,4,NULL,NULL,1),(2646,4,NULL,NULL,1),(2647,4,NULL,NULL,1),(2648,4,NULL,NULL,1),(2649,4,NULL,NULL,1),(2650,4,NULL,NULL,1),(2651,4,NULL,NULL,1),(2652,4,NULL,NULL,1),(2653,4,NULL,NULL,1),(2654,4,NULL,NULL,1),(2655,4,NULL,NULL,1),(2656,4,NULL,NULL,1),(2657,4,NULL,NULL,1),(2658,4,NULL,NULL,1),(2659,4,NULL,NULL,1),(2660,4,NULL,NULL,1),(2661,4,NULL,NULL,1),(2662,4,NULL,NULL,1),(2663,4,NULL,NULL,1),(2664,4,NULL,NULL,1),(2665,4,NULL,NULL,1),(2666,4,NULL,NULL,1),(2667,4,NULL,NULL,1),(2668,4,NULL,NULL,1),(2669,4,NULL,NULL,1),(2670,4,NULL,NULL,1),(2671,4,NULL,NULL,1),(2672,4,NULL,NULL,1),(2673,4,NULL,NULL,1),(2674,4,NULL,NULL,1),(2675,4,NULL,NULL,1),(2676,4,NULL,NULL,1),(2677,4,NULL,NULL,1),(2678,4,NULL,NULL,1);
/*!40000 ALTER TABLE `ratings` ENABLE KEYS */;
UNLOCK TABLES;

--
-- Table structure for table `ratingstatus`
--

DROP TABLE IF EXISTS `ratingstatus`;
/*!40101 SET @saved_cs_client     = @@character_set_client */;
/*!50503 SET character_set_client = utf8mb4 */;
CREATE TABLE `ratingstatus` (
  `id` bigint NOT NULL AUTO_INCREMENT,
  `avg_rating` float NOT NULL,
  PRIMARY KEY (`id`)
) ENGINE=InnoDB AUTO_INCREMENT=81 DEFAULT CHARSET=utf8mb4 COLLATE=utf8mb4_0900_ai_ci;
/*!40101 SET character_set_client = @saved_cs_client */;

--
-- Dumping data for table `ratingstatus`
--

LOCK TABLES `ratingstatus` WRITE;
/*!40000 ALTER TABLE `ratingstatus` DISABLE KEYS */;
INSERT INTO `ratingstatus` VALUES (1,4),(2,3),(3,5),(4,4),(5,3),(6,5),(7,4),(8,4),(9,5),(10,4),(11,2),(12,5),(13,4),(14,4),(15,3),(16,2),(17,5),(18,4),(19,4),(20,3),(21,4),(22,5),(23,4),(24,5),(25,4),(26,5),(27,3),(28,4),(29,5),(30,3),(31,2),(32,4),(33,3),(34,4),(35,5),(36,4),(37,5),(38,3),(39,4),(40,4),(41,4),(42,3),(43,5),(44,4),(45,3),(46,5),(47,4),(48,4),(49,5),(50,4),(51,2),(52,5),(53,4),(54,4),(55,3),(56,2),(57,5),(58,4),(59,4),(60,3),(61,4),(62,5),(63,4),(64,5),(65,4),(66,5),(67,3),(68,4),(69,5),(70,3),(71,2),(72,4),(73,3),(74,4),(75,5),(76,4),(77,5),(78,3),(79,4),(80,4);
/*!40000 ALTER TABLE `ratingstatus` ENABLE KEYS */;
UNLOCK TABLES;

--
-- Table structure for table `ratingstatus_ratings`
--

DROP TABLE IF EXISTS `ratingstatus_ratings`;
/*!40101 SET @saved_cs_client     = @@character_set_client */;
/*!50503 SET character_set_client = utf8mb4 */;
CREATE TABLE `ratingstatus_ratings` (
  `rating_status_id` bigint NOT NULL,
  `ratings_id` bigint NOT NULL,
  PRIMARY KEY (`rating_status_id`,`ratings_id`),
  UNIQUE KEY `UK_hvjxcy7e42bgr12inknj9j9n6` (`ratings_id`),
  CONSTRAINT `FKbcsh50k6nknb6o3fxn7kpltk3` FOREIGN KEY (`rating_status_id`) REFERENCES `ratingstatus` (`id`),
  CONSTRAINT `FKe0gsvgjfp8mvrjr7jksyeocak` FOREIGN KEY (`ratings_id`) REFERENCES `ratings` (`id`)
) ENGINE=InnoDB DEFAULT CHARSET=utf8mb4 COLLATE=utf8mb4_0900_ai_ci;
/*!40101 SET character_set_client = @saved_cs_client */;

--
-- Dumping data for table `ratingstatus_ratings`
--

LOCK TABLES `ratingstatus_ratings` WRITE;
/*!40000 ALTER TABLE `ratingstatus_ratings` DISABLE KEYS */;
INSERT INTO `ratingstatus_ratings` VALUES (1,1),(1,2),(1,3),(1,4),(1,5),(1,6),(1,7),(1,8),(1,9),(1,10),(1,11),(1,12),(1,13),(1,14),(1,15),(2,16),(2,17),(2,18),(2,19),(2,20),(2,21),(3,22),(3,23),(4,24),(4,25),(4,26),(4,27),(4,28),(4,29),(4,30),(4,31),(4,32),(4,33),(4,34),(4,35),(4,36),(4,37),(4,38),(4,39),(4,40),(4,41),(4,42),(4,43),(4,44),(4,45),(4,46),(4,47),(4,48),(4,49),(4,50),(4,51),(4,52),(4,53),(4,54),(4,55),(4,56),(4,57),(4,58),(5,59),(5,60),(5,61),(5,62),(5,63),(5,64),(5,65),(5,66),(5,67),(5,68),(5,69),(5,70),(5,71),(5,72),(5,73),(5,74),(5,75),(5,76),(5,77),(5,78),(5,79),(5,80),(5,81),(5,82),(5,83),(5,84),(6,85),(6,86),(6,87),(6,88),(6,89),(6,90),(6,91),(6,92),(6,93),(6,94),(6,95),(6,96),(6,97),(6,98),(6,99),(6,100),(6,101),(6,102),(6,103),(6,104),(6,105),(6,106),(6,107),(6,108),(6,109),(6,110),(6,111),(6,112),(6,113),(6,114),(6,115),(6,116),(6,117),(6,118),(6,119),(6,120),(6,121),(6,122),(6,123),(6,124),(6,125),(6,126),(6,127),(6,128),(6,129),(6,130),(6,131),(6,132),(6,133),(7,134),(7,135),(7,136),(7,137),(7,138),(7,139),(7,140),(7,141),(7,142),(7,143),(7,144),(7,145),(7,146),(7,147),(7,148),(7,149),(7,150),(7,151),(7,152),(7,153),(7,154),(7,155),(7,156),(7,157),(7,158),(7,159),(7,160),(7,161),(7,162),(7,163),(7,164),(7,165),(7,166),(7,167),(7,168),(7,169),(7,170),(7,171),(7,172),(7,173),(7,174),(7,175),(7,176),(7,177),(7,178),(7,179),(7,180),(7,181),(7,182),(7,183),(7,184),(7,185),(7,186),(7,187),(8,188),(8,189),(8,190),(8,191),(8,192),(8,193),(8,194),(8,195),(8,196),(8,197),(8,198),(8,199),(8,200),(8,201),(8,202),(8,203),(8,204),(8,205),(8,206),(8,207),(8,208),(8,209),(8,210),(8,211),(8,212),(8,213),(8,214),(8,215),(8,216),(8,217),(8,218),(8,219),(8,220),(8,221),(8,222),(9,223),(9,224),(9,225),(9,226),(9,227),(9,228),(9,229),(9,230),(9,231),(9,232),(9,233),(9,234),(9,235),(9,236),(9,237),(9,238),(9,239),(9,240),(9,241),(9,242),(9,243),(9,244),(9,245),(9,246),(9,247),(9,248),(9,249),(9,250),(9,251),(9,252),(9,253),(9,254),(9,255),(9,256),(9,257),(9,258),(9,259),(9,260),(9,261),(9,262),(9,263),(9,264),(9,265),(9,266),(9,267),(9,268),(9,269),(9,270),(9,271),(9,272),(9,273),(9,274),(9,275),(9,276),(9,277),(9,278),(9,279),(9,280),(9,281),(9,282),(9,283),(9,284),(10,285),(10,286),(10,287),(10,288),(10,289),(10,290),(10,291),(10,292),(10,293),(10,294),(10,295),(10,296),(10,297),(10,298),(10,299),(10,300),(10,301),(10,302),(10,303),(10,304),(10,305),(10,306),(10,307),(11,308),(11,309),(11,310),(11,311),(11,312),(11,313),(11,314),(11,315),(11,316),(11,317),(11,318),(11,319),(12,320),(12,321),(12,322),(12,323),(12,324),(12,325),(12,326),(12,327),(12,328),(12,329),(12,330),(12,331),(12,332),(12,333),(12,334),(12,335),(12,336),(12,337),(12,338),(12,339),(12,340),(12,341),(12,342),(12,343),(12,344),(12,345),(12,346),(12,347),(12,348),(12,349),(12,350),(12,351),(13,352),(13,353),(13,354),(13,355),(13,356),(13,357),(13,358),(13,359),(13,360),(13,361),(13,362),(13,363),(13,364),(13,365),(13,366),(13,367),(13,368),(13,369),(13,370),(13,371),(13,372),(13,373),(13,374),(13,375),(13,376),(13,377),(13,378),(13,379),(13,380),(13,381),(13,382),(13,383),(13,384),(13,385),(13,386),(13,387),(13,388),(13,389),(13,390),(13,391),(13,392),(13,393),(13,394),(13,395),(13,396),(13,397),(13,398),(13,399),(13,400),(13,401),(13,402),(13,403),(13,404),(13,405),(13,406),(14,407),(14,408),(14,409),(14,410),(14,411),(14,412),(14,413),(14,414),(14,415),(14,416),(14,417),(14,418),(14,419),(14,420),(14,421),(14,422),(14,423),(14,424),(14,425),(14,426),(14,427),(14,428),(14,429),(14,430),(14,431),(14,432),(14,433),(14,434),(14,435),(14,436),(14,437),(14,438),(14,439),(14,440),(14,441),(14,442),(15,443),(15,444),(15,445),(15,446),(15,447),(15,448),(15,449),(15,450),(15,451),(15,452),(15,453),(15,454),(15,455),(15,456),(15,457),(15,458),(15,459),(15,460),(15,461),(15,462),(15,463),(15,464),(15,465),(15,466),(16,467),(16,468),(16,469),(16,470),(16,471),(16,472),(16,473),(16,474),(16,475),(16,476),(16,477),(16,478),(16,479),(16,480),(16,481),(16,482),(16,483),(16,484),(16,485),(16,486),(16,487),(17,488),(17,489),(17,490),(17,491),(17,492),(17,493),(17,494),(17,495),(17,496),(17,497),(17,498),(17,499),(17,500),(17,501),(17,502),(17,503),(17,504),(17,505),(17,506),(17,507),(17,508),(17,509),(17,510),(17,511),(17,512),(17,513),(17,514),(17,515),(17,516),(17,517),(17,518),(17,519),(17,520),(17,521),(17,522),(17,523),(17,524),(17,525),(17,526),(17,527),(17,528),(17,529),(17,530),(17,531),(17,532),(17,533),(17,534),(17,535),(17,536),(17,537),(17,538),(17,539),(17,540),(17,541),(17,542),(17,543),(17,544),(17,545),(17,546),(17,547),(17,548),(17,549),(17,550),(17,551),(18,552),(18,553),(18,554),(18,555),(18,556),(18,557),(18,558),(18,559),(18,560),(18,561),(18,562),(18,563),(18,564),(18,565),(18,566),(18,567),(18,568),(18,569),(18,570),(18,571),(18,572),(18,573),(18,574),(18,575),(18,576),(18,577),(18,578),(18,579),(18,580),(18,581),(18,582),(18,583),(18,584),(18,585),(18,586),(18,587),(18,588),(18,589),(18,590),(18,591),(18,592),(18,593),(18,594),(18,595),(18,596),(19,597),(19,598),(19,599),(19,600),(19,601),(19,602),(19,603),(19,604),(19,605),(19,606),(19,607),(19,608),(19,609),(19,610),(19,611),(19,612),(19,613),(19,614),(19,615),(19,616),(19,617),(19,618),(19,619),(19,620),(19,621),(19,622),(19,623),(19,624),(19,625),(19,626),(19,627),(19,628),(19,629),(19,630),(19,631),(19,632),(19,633),(19,634),(19,635),(19,636),(19,637),(19,638),(19,639),(19,640),(19,641),(19,642),(19,643),(19,644),(19,645),(19,646),(19,647),(19,648),(19,649),(19,650),(19,651),(19,652),(19,653),(19,654),(19,655),(19,656),(19,657),(19,658),(19,659),(19,660),(19,661),(19,662),(19,663),(19,664),(19,665),(19,666),(19,667),(19,668),(19,669),(19,670),(19,671),(19,672),(19,673),(19,674),(19,675),(19,676),(19,677),(19,678),(19,679),(19,680),(20,681),(20,682),(20,683),(20,684),(20,685),(20,686),(20,687),(20,688),(20,689),(20,690),(20,691),(20,692),(21,693),(21,694),(21,695),(21,696),(21,697),(21,698),(21,699),(21,700),(21,701),(21,702),(21,703),(21,704),(21,705),(21,706),(21,707),(21,708),(21,709),(21,710),(21,711),(21,712),(21,713),(21,714),(21,715),(21,716),(21,717),(21,718),(21,719),(21,720),(21,721),(21,722),(21,723),(21,724),(21,725),(21,726),(21,727),(21,728),(21,729),(21,730),(21,731),(21,732),(21,733),(21,734),(21,735),(21,736),(21,737),(21,738),(21,739),(21,740),(21,741),(21,742),(21,743),(21,744),(21,745),(21,746),(21,747),(21,748),(21,749),(21,750),(21,751),(21,752),(21,753),(21,754),(22,755),(22,756),(22,757),(22,758),(22,759),(22,760),(22,761),(22,762),(22,763),(22,764),(22,765),(22,766),(22,767),(22,768),(22,769),(22,770),(22,771),(22,772),(22,773),(22,774),(22,775),(22,776),(22,777),(22,778),(22,779),(22,780),(22,781),(22,782),(22,783),(22,784),(22,785),(22,786),(22,787),(22,788),(22,789),(22,790),(22,791),(22,792),(22,793),(22,794),(22,795),(22,796),(22,797),(22,798),(22,799),(22,800),(22,801),(23,802),(23,803),(23,804),(23,805),(23,806),(23,807),(23,808),(23,809),(23,810),(23,811),(23,812),(23,813),(23,814),(23,815),(23,816),(23,817),(23,818),(23,819),(23,820),(23,821),(23,822),(23,823),(23,824),(23,825),(23,826),(23,827),(23,828),(23,829),(23,830),(23,831),(23,832),(23,833),(23,834),(23,835),(23,836),(23,837),(23,838),(24,839),(24,840),(24,841),(24,842),(24,843),(24,844),(24,845),(24,846),(24,847),(24,848),(24,849),(24,850),(24,851),(24,852),(24,853),(24,854),(24,855),(24,856),(24,857),(24,858),(24,859),(24,860),(24,861),(24,862),(24,863),(24,864),(24,865),(24,866),(24,867),(24,868),(24,869),(24,870),(24,871),(24,872),(24,873),(24,874),(24,875),(24,876),(24,877),(24,878),(24,879),(24,880),(24,881),(24,882),(24,883),(24,884),(24,885),(24,886),(24,887),(24,888),(24,889),(24,890),(24,891),(24,892),(25,893),(25,894),(25,895),(25,896),(25,897),(25,898),(25,899),(25,900),(25,901),(25,902),(25,903),(25,904),(25,905),(25,906),(25,907),(25,908),(25,909),(25,910),(25,911),(25,912),(25,913),(25,914),(25,915),(25,916),(25,917),(26,918),(26,919),(26,920),(26,921),(26,922),(26,923),(26,924),(26,925),(26,926),(26,927),(26,928),(26,929),(26,930),(26,931),(26,932),(26,933),(26,934),(26,935),(26,936),(26,937),(26,938),(26,939),(27,940),(27,941),(27,942),(27,943),(27,944),(27,945),(27,946),(27,947),(27,948),(27,949),(27,950),(27,951),(27,952),(27,953),(27,954),(27,955),(27,956),(27,957),(27,958),(27,959),(28,960),(28,961),(28,962),(28,963),(28,964),(28,965),(28,966),(28,967),(28,968),(28,969),(28,970),(28,971),(28,972),(28,973),(28,974),(28,975),(28,976),(28,977),(28,978),(28,979),(28,980),(28,981),(28,982),(28,983),(28,984),(28,985),(28,986),(28,987),(28,988),(28,989),(28,990),(28,991),(28,992),(28,993),(28,994),(28,995),(28,996),(28,997),(28,998),(28,999),(28,1000),(28,1001),(28,1002),(28,1003),(28,1004),(28,1005),(28,1006),(28,1007),(28,1008),(28,1009),(28,1010),(28,1011),(28,1012),(28,1013),(29,1014),(29,1015),(29,1016),(29,1017),(29,1018),(29,1019),(29,1020),(29,1021),(29,1022),(29,1023),(29,1024),(29,1025),(29,1026),(29,1027),(29,1028),(29,1029),(29,1030),(29,1031),(29,1032),(29,1033),(29,1034),(29,1035),(29,1036),(29,1037),(29,1038),(29,1039),(29,1040),(29,1041),(29,1042),(29,1043),(29,1044),(30,1045),(30,1046),(30,1047),(30,1048),(30,1049),(30,1050),(30,1051),(30,1052),(30,1053),(30,1054),(30,1055),(30,1056),(31,1057),(31,1058),(31,1059),(31,1060),(31,1061),(31,1062),(32,1063),(32,1064),(32,1065),(32,1066),(32,1067),(32,1068),(32,1069),(32,1070),(32,1071),(32,1072),(32,1073),(32,1074),(32,1075),(32,1076),(32,1077),(33,1078),(33,1079),(33,1080),(33,1081),(33,1082),(33,1083),(33,1084),(33,1085),(33,1086),(33,1087),(33,1088),(33,1089),(33,1090),(33,1091),(33,1092),(33,1093),(33,1094),(33,1095),(33,1096),(34,1097),(34,1098),(34,1099),(34,1100),(34,1101),(34,1102),(34,1103),(34,1104),(34,1105),(34,1106),(34,1107),(34,1108),(34,1109),(34,1110),(34,1111),(34,1112),(34,1113),(34,1114),(35,1115),(35,1116),(35,1117),(35,1118),(35,1119),(35,1120),(35,1121),(35,1122),(35,1123),(35,1124),(35,1125),(35,1126),(35,1127),(35,1128),(35,1129),(35,1130),(35,1131),(36,1132),(36,1133),(36,1134),(36,1135),(36,1136),(36,1137),(36,1138),(36,1139),(36,1140),(36,1141),(36,1142),(36,1143),(36,1144),(36,1145),(36,1146),(36,1147),(36,1148),(36,1149),(36,1150),(36,1151),(36,1152),(36,1153),(36,1154),(36,1155),(36,1156),(36,1157),(36,1158),(36,1159),(36,1160),(36,1161),(36,1162),(36,1163),(36,1164),(36,1165),(36,1166),(36,1167),(36,1168),(36,1169),(36,1170),(36,1171),(36,1172),(36,1173),(36,1174),(36,1175),(36,1176),(36,1177),(36,1178),(36,1179),(36,1180),(36,1181),(36,1182),(36,1183),(36,1184),(36,1185),(36,1186),(36,1187),(36,1188),(36,1189),(36,1190),(36,1191),(36,1192),(37,1193),(37,1194),(37,1195),(37,1196),(37,1197),(37,1198),(37,1199),(37,1200),(37,1201),(37,1202),(37,1203),(37,1204),(37,1205),(37,1206),(37,1207),(37,1208),(37,1209),(37,1210),(37,1211),(37,1212),(37,1213),(37,1214),(37,1215),(37,1216),(37,1217),(37,1218),(38,1219),(38,1220),(38,1221),(38,1222),(38,1223),(38,1224),(38,1225),(38,1226),(38,1227),(38,1228),(38,1229),(38,1230),(38,1231),(38,1232),(38,1233),(38,1234),(38,1235),(38,1236),(38,1237),(38,1238),(38,1239),(38,1240),(38,1241),(38,1242),(38,1243),(38,1244),(38,1245),(38,1246),(38,1247),(38,1248),(38,1249),(38,1250),(39,1251),(39,1252),(39,1253),(39,1254),(39,1255),(39,1256),(39,1257),(39,1258),(39,1259),(39,1260),(39,1261),(39,1262),(39,1263),(39,1264),(39,1265),(39,1266),(39,1267),(39,1268),(39,1269),(39,1270),(39,1271),(39,1272),(39,1273),(39,1274),(39,1275),(39,1276),(39,1277),(39,1278),(39,1279),(39,1280),(39,1281),(39,1282),(39,1283),(39,1284),(39,1285),(39,1286),(39,1287),(39,1288),(39,1289),(39,1290),(39,1291),(39,1292),(39,1293),(39,1294),(39,1295),(39,1296),(39,1297),(39,1298),(39,1299),(39,1300),(39,1301),(39,1302),(39,1303),(40,1304),(40,1305),(40,1306),(40,1307),(40,1308),(40,1309),(40,1310),(40,1311),(40,1312),(40,1313),(40,1314),(40,1315),(40,1316),(40,1317),(40,1318),(40,1319),(40,1320),(40,1321),(40,1322),(40,1323),(40,1324),(40,1325),(40,1326),(40,1327),(40,1328),(40,1329),(40,1330),(40,1331),(40,1332),(40,1333),(40,1334),(40,1335),(40,1336),(40,1337),(40,1338),(40,1339),(41,1340),(41,1341),(41,1342),(41,1343),(41,1344),(41,1345),(41,1346),(41,1347),(41,1348),(41,1349),(41,1350),(41,1351),(41,1352),(41,1353),(41,1354),(42,1355),(42,1356),(42,1357),(42,1358),(42,1359),(42,1360),(43,1361),(43,1362),(44,1363),(44,1364),(44,1365),(44,1366),(44,1367),(44,1368),(44,1369),(44,1370),(44,1371),(44,1372),(44,1373),(44,1374),(44,1375),(44,1376),(44,1377),(44,1378),(44,1379),(44,1380),(44,1381),(44,1382),(44,1383),(44,1384),(44,1385),(44,1386),(44,1387),(44,1388),(44,1389),(44,1390),(44,1391),(44,1392),(44,1393),(44,1394),(44,1395),(44,1396),(44,1397),(45,1398),(45,1399),(45,1400),(45,1401),(45,1402),(45,1403),(45,1404),(45,1405),(45,1406),(45,1407),(45,1408),(45,1409),(45,1410),(45,1411),(45,1412),(45,1413),(45,1414),(45,1415),(45,1416),(45,1417),(45,1418),(45,1419),(45,1420),(45,1421),(45,1422),(45,1423),(46,1424),(46,1425),(46,1426),(46,1427),(46,1428),(46,1429),(46,1430),(46,1431),(46,1432),(46,1433),(46,1434),(46,1435),(46,1436),(46,1437),(46,1438),(46,1439),(46,1440),(46,1441),(46,1442),(46,1443),(46,1444),(46,1445),(46,1446),(46,1447),(46,1448),(46,1449),(46,1450),(46,1451),(46,1452),(46,1453),(46,1454),(46,1455),(46,1456),(46,1457),(46,1458),(46,1459),(46,1460),(46,1461),(46,1462),(46,1463),(46,1464),(46,1465),(46,1466),(46,1467),(46,1468),(46,1469),(46,1470),(46,1471),(46,1472),(47,1473),(47,1474),(47,1475),(47,1476),(47,1477),(47,1478),(47,1479),(47,1480),(47,1481),(47,1482),(47,1483),(47,1484),(47,1485),(47,1486),(47,1487),(47,1488),(47,1489),(47,1490),(47,1491),(47,1492),(47,1493),(47,1494),(47,1495),(47,1496),(47,1497),(47,1498),(47,1499),(47,1500),(47,1501),(47,1502),(47,1503),(47,1504),(47,1505),(47,1506),(47,1507),(47,1508),(47,1509),(47,1510),(47,1511),(47,1512),(47,1513),(47,1514),(47,1515),(47,1516),(47,1517),(47,1518),(47,1519),(47,1520),(47,1521),(47,1522),(47,1523),(47,1524),(47,1525),(47,1526),(48,1527),(48,1528),(48,1529),(48,1530),(48,1531),(48,1532),(48,1533),(48,1534),(48,1535),(48,1536),(48,1537),(48,1538),(48,1539),(48,1540),(48,1541),(48,1542),(48,1543),(48,1544),(48,1545),(48,1546),(48,1547),(48,1548),(48,1549),(48,1550),(48,1551),(48,1552),(48,1553),(48,1554),(48,1555),(48,1556),(48,1557),(48,1558),(48,1559),(48,1560),(48,1561),(49,1562),(49,1563),(49,1564),(49,1565),(49,1566),(49,1567),(49,1568),(49,1569),(49,1570),(49,1571),(49,1572),(49,1573),(49,1574),(49,1575),(49,1576),(49,1577),(49,1578),(49,1579),(49,1580),(49,1581),(49,1582),(49,1583),(49,1584),(49,1585),(49,1586),(49,1587),(49,1588),(49,1589),(49,1590),(49,1591),(49,1592),(49,1593),(49,1594),(49,1595),(49,1596),(49,1597),(49,1598),(49,1599),(49,1600),(49,1601),(49,1602),(49,1603),(49,1604),(49,1605),(49,1606),(49,1607),(49,1608),(49,1609),(49,1610),(49,1611),(49,1612),(49,1613),(49,1614),(49,1615),(49,1616),(49,1617),(49,1618),(49,1619),(49,1620),(49,1621),(49,1622),(49,1623),(50,1624),(50,1625),(50,1626),(50,1627),(50,1628),(50,1629),(50,1630),(50,1631),(50,1632),(50,1633),(50,1634),(50,1635),(50,1636),(50,1637),(50,1638),(50,1639),(50,1640),(50,1641),(50,1642),(50,1643),(50,1644),(50,1645),(50,1646),(51,1647),(51,1648),(51,1649),(51,1650),(51,1651),(51,1652),(51,1653),(51,1654),(51,1655),(51,1656),(51,1657),(51,1658),(52,1659),(52,1660),(52,1661),(52,1662),(52,1663),(52,1664),(52,1665),(52,1666),(52,1667),(52,1668),(52,1669),(52,1670),(52,1671),(52,1672),(52,1673),(52,1674),(52,1675),(52,1676),(52,1677),(52,1678),(52,1679),(52,1680),(52,1681),(52,1682),(52,1683),(52,1684),(52,1685),(52,1686),(52,1687),(52,1688),(52,1689),(52,1690),(53,1691),(53,1692),(53,1693),(53,1694),(53,1695),(53,1696),(53,1697),(53,1698),(53,1699),(53,1700),(53,1701),(53,1702),(53,1703),(53,1704),(53,1705),(53,1706),(53,1707),(53,1708),(53,1709),(53,1710),(53,1711),(53,1712),(53,1713),(53,1714),(53,1715),(53,1716),(53,1717),(53,1718),(53,1719),(53,1720),(53,1721),(53,1722),(53,1723),(53,1724),(53,1725),(53,1726),(53,1727),(53,1728),(53,1729),(53,1730),(53,1731),(53,1732),(53,1733),(53,1734),(53,1735),(53,1736),(53,1737),(53,1738),(53,1739),(53,1740),(53,1741),(53,1742),(53,1743),(53,1744),(53,1745),(54,1746),(54,1747),(54,1748),(54,1749),(54,1750),(54,1751),(54,1752),(54,1753),(54,1754),(54,1755),(54,1756),(54,1757),(54,1758),(54,1759),(54,1760),(54,1761),(54,1762),(54,1763),(54,1764),(54,1765),(54,1766),(54,1767),(54,1768),(54,1769),(54,1770),(54,1771),(54,1772),(54,1773),(54,1774),(54,1775),(54,1776),(54,1777),(54,1778),(54,1779),(54,1780),(54,1781),(55,1782),(55,1783),(55,1784),(55,1785),(55,1786),(55,1787),(55,1788),(55,1789),(55,1790),(55,1791),(55,1792),(55,1793),(55,1794),(55,1795),(55,1796),(55,1797),(55,1798),(55,1799),(55,1800),(55,1801),(55,1802),(55,1803),(55,1804),(55,1805),(56,1806),(56,1807),(56,1808),(56,1809),(56,1810),(56,1811),(56,1812),(56,1813),(56,1814),(56,1815),(56,1816),(56,1817),(56,1818),(56,1819),(56,1820),(56,1821),(56,1822),(56,1823),(56,1824),(56,1825),(56,1826),(57,1827),(57,1828),(57,1829),(57,1830),(57,1831),(57,1832),(57,1833),(57,1834),(57,1835),(57,1836),(57,1837),(57,1838),(57,1839),(57,1840),(57,1841),(57,1842),(57,1843),(57,1844),(57,1845),(57,1846),(57,1847),(57,1848),(57,1849),(57,1850),(57,1851),(57,1852),(57,1853),(57,1854),(57,1855),(57,1856),(57,1857),(57,1858),(57,1859),(57,1860),(57,1861),(57,1862),(57,1863),(57,1864),(57,1865),(57,1866),(57,1867),(57,1868),(57,1869),(57,1870),(57,1871),(57,1872),(57,1873),(57,1874),(57,1875),(57,1876),(57,1877),(57,1878),(57,1879),(57,1880),(57,1881),(57,1882),(57,1883),(57,1884),(57,1885),(57,1886),(57,1887),(57,1888),(57,1889),(57,1890),(58,1891),(58,1892),(58,1893),(58,1894),(58,1895),(58,1896),(58,1897),(58,1898),(58,1899),(58,1900),(58,1901),(58,1902),(58,1903),(58,1904),(58,1905),(58,1906),(58,1907),(58,1908),(58,1909),(58,1910),(58,1911),(58,1912),(58,1913),(58,1914),(58,1915),(58,1916),(58,1917),(58,1918),(58,1919),(58,1920),(58,1921),(58,1922),(58,1923),(58,1924),(58,1925),(58,1926),(58,1927),(58,1928),(58,1929),(58,1930),(58,1931),(58,1932),(58,1933),(58,1934),(58,1935),(59,1936),(59,1937),(59,1938),(59,1939),(59,1940),(59,1941),(59,1942),(59,1943),(59,1944),(59,1945),(59,1946),(59,1947),(59,1948),(59,1949),(59,1950),(59,1951),(59,1952),(59,1953),(59,1954),(59,1955),(59,1956),(59,1957),(59,1958),(59,1959),(59,1960),(59,1961),(59,1962),(59,1963),(59,1964),(59,1965),(59,1966),(59,1967),(59,1968),(59,1969),(59,1970),(59,1971),(59,1972),(59,1973),(59,1974),(59,1975),(59,1976),(59,1977),(59,1978),(59,1979),(59,1980),(59,1981),(59,1982),(59,1983),(59,1984),(59,1985),(59,1986),(59,1987),(59,1988),(59,1989),(59,1990),(59,1991),(59,1992),(59,1993),(59,1994),(59,1995),(59,1996),(59,1997),(59,1998),(59,1999),(59,2000),(59,2001),(59,2002),(59,2003),(59,2004),(59,2005),(59,2006),(59,2007),(59,2008),(59,2009),(59,2010),(59,2011),(59,2012),(59,2013),(59,2014),(59,2015),(59,2016),(59,2017),(59,2018),(59,2019),(60,2020),(60,2021),(60,2022),(60,2023),(60,2024),(60,2025),(60,2026),(60,2027),(60,2028),(60,2029),(60,2030),(60,2031),(61,2032),(61,2033),(61,2034),(61,2035),(61,2036),(61,2037),(61,2038),(61,2039),(61,2040),(61,2041),(61,2042),(61,2043),(61,2044),(61,2045),(61,2046),(61,2047),(61,2048),(61,2049),(61,2050),(61,2051),(61,2052),(61,2053),(61,2054),(61,2055),(61,2056),(61,2057),(61,2058),(61,2059),(61,2060),(61,2061),(61,2062),(61,2063),(61,2064),(61,2065),(61,2066),(61,2067),(61,2068),(61,2069),(61,2070),(61,2071),(61,2072),(61,2073),(61,2074),(61,2075),(61,2076),(61,2077),(61,2078),(61,2079),(61,2080),(61,2081),(61,2082),(61,2083),(61,2084),(61,2085),(61,2086),(61,2087),(61,2088),(61,2089),(61,2090),(61,2091),(61,2092),(61,2093),(62,2094),(62,2095),(62,2096),(62,2097),(62,2098),(62,2099),(62,2100),(62,2101),(62,2102),(62,2103),(62,2104),(62,2105),(62,2106),(62,2107),(62,2108),(62,2109),(62,2110),(62,2111),(62,2112),(62,2113),(62,2114),(62,2115),(62,2116),(62,2117),(62,2118),(62,2119),(62,2120),(62,2121),(62,2122),(62,2123),(62,2124),(62,2125),(62,2126),(62,2127),(62,2128),(62,2129),(62,2130),(62,2131),(62,2132),(62,2133),(62,2134),(62,2135),(62,2136),(62,2137),(62,2138),(62,2139),(62,2140),(63,2141),(63,2142),(63,2143),(63,2144),(63,2145),(63,2146),(63,2147),(63,2148),(63,2149),(63,2150),(63,2151),(63,2152),(63,2153),(63,2154),(63,2155),(63,2156),(63,2157),(63,2158),(63,2159),(63,2160),(63,2161),(63,2162),(63,2163),(63,2164),(63,2165),(63,2166),(63,2167),(63,2168),(63,2169),(63,2170),(63,2171),(63,2172),(63,2173),(63,2174),(63,2175),(63,2176),(63,2177),(64,2178),(64,2179),(64,2180),(64,2181),(64,2182),(64,2183),(64,2184),(64,2185),(64,2186),(64,2187),(64,2188),(64,2189),(64,2190),(64,2191),(64,2192),(64,2193),(64,2194),(64,2195),(64,2196),(64,2197),(64,2198),(64,2199),(64,2200),(64,2201),(64,2202),(64,2203),(64,2204),(64,2205),(64,2206),(64,2207),(64,2208),(64,2209),(64,2210),(64,2211),(64,2212),(64,2213),(64,2214),(64,2215),(64,2216),(64,2217),(64,2218),(64,2219),(64,2220),(64,2221),(64,2222),(64,2223),(64,2224),(64,2225),(64,2226),(64,2227),(64,2228),(64,2229),(64,2230),(64,2231),(65,2232),(65,2233),(65,2234),(65,2235),(65,2236),(65,2237),(65,2238),(65,2239),(65,2240),(65,2241),(65,2242),(65,2243),(65,2244),(65,2245),(65,2246),(65,2247),(65,2248),(65,2249),(65,2250),(65,2251),(65,2252),(65,2253),(65,2254),(65,2255),(65,2256),(66,2257),(66,2258),(66,2259),(66,2260),(66,2261),(66,2262),(66,2263),(66,2264),(66,2265),(66,2266),(66,2267),(66,2268),(66,2269),(66,2270),(66,2271),(66,2272),(66,2273),(66,2274),(66,2275),(66,2276),(66,2277),(66,2278),(67,2279),(67,2280),(67,2281),(67,2282),(67,2283),(67,2284),(67,2285),(67,2286),(67,2287),(67,2288),(67,2289),(67,2290),(67,2291),(67,2292),(67,2293),(67,2294),(67,2295),(67,2296),(67,2297),(67,2298),(68,2299),(68,2300),(68,2301),(68,2302),(68,2303),(68,2304),(68,2305),(68,2306),(68,2307),(68,2308),(68,2309),(68,2310),(68,2311),(68,2312),(68,2313),(68,2314),(68,2315),(68,2316),(68,2317),(68,2318),(68,2319),(68,2320),(68,2321),(68,2322),(68,2323),(68,2324),(68,2325),(68,2326),(68,2327),(68,2328),(68,2329),(68,2330),(68,2331),(68,2332),(68,2333),(68,2334),(68,2335),(68,2336),(68,2337),(68,2338),(68,2339),(68,2340),(68,2341),(68,2342),(68,2343),(68,2344),(68,2345),(68,2346),(68,2347),(68,2348),(68,2349),(68,2350),(68,2351),(68,2352),(69,2353),(69,2354),(69,2355),(69,2356),(69,2357),(69,2358),(69,2359),(69,2360),(69,2361),(69,2362),(69,2363),(69,2364),(69,2365),(69,2366),(69,2367),(69,2368),(69,2369),(69,2370),(69,2371),(69,2372),(69,2373),(69,2374),(69,2375),(69,2376),(69,2377),(69,2378),(69,2379),(69,2380),(69,2381),(69,2382),(69,2383),(70,2384),(70,2385),(70,2386),(70,2387),(70,2388),(70,2389),(70,2390),(70,2391),(70,2392),(70,2393),(70,2394),(70,2395),(71,2396),(71,2397),(71,2398),(71,2399),(71,2400),(71,2401),(72,2402),(72,2403),(72,2404),(72,2405),(72,2406),(72,2407),(72,2408),(72,2409),(72,2410),(72,2411),(72,2412),(72,2413),(72,2414),(72,2415),(72,2416),(73,2417),(73,2418),(73,2419),(73,2420),(73,2421),(73,2422),(73,2423),(73,2424),(73,2425),(73,2426),(73,2427),(73,2428),(73,2429),(73,2430),(73,2431),(73,2432),(73,2433),(73,2434),(73,2435),(74,2436),(74,2437),(74,2438),(74,2439),(74,2440),(74,2441),(74,2442),(74,2443),(74,2444),(74,2445),(74,2446),(74,2447),(74,2448),(74,2449),(74,2450),(74,2451),(74,2452),(74,2453),(75,2454),(75,2455),(75,2456),(75,2457),(75,2458),(75,2459),(75,2460),(75,2461),(75,2462),(75,2463),(75,2464),(75,2465),(75,2466),(75,2467),(75,2468),(75,2469),(75,2470),(76,2471),(76,2472),(76,2473),(76,2474),(76,2475),(76,2476),(76,2477),(76,2478),(76,2479),(76,2480),(76,2481),(76,2482),(76,2483),(76,2484),(76,2485),(76,2486),(76,2487),(76,2488),(76,2489),(76,2490),(76,2491),(76,2492),(76,2493),(76,2494),(76,2495),(76,2496),(76,2497),(76,2498),(76,2499),(76,2500),(76,2501),(76,2502),(76,2503),(76,2504),(76,2505),(76,2506),(76,2507),(76,2508),(76,2509),(76,2510),(76,2511),(76,2512),(76,2513),(76,2514),(76,2515),(76,2516),(76,2517),(76,2518),(76,2519),(76,2520),(76,2521),(76,2522),(76,2523),(76,2524),(76,2525),(76,2526),(76,2527),(76,2528),(76,2529),(76,2530),(76,2531),(77,2532),(77,2533),(77,2534),(77,2535),(77,2536),(77,2537),(77,2538),(77,2539),(77,2540),(77,2541),(77,2542),(77,2543),(77,2544),(77,2545),(77,2546),(77,2547),(77,2548),(77,2549),(77,2550),(77,2551),(77,2552),(77,2553),(77,2554),(77,2555),(77,2556),(77,2557),(78,2558),(78,2559),(78,2560),(78,2561),(78,2562),(78,2563),(78,2564),(78,2565),(78,2566),(78,2567),(78,2568),(78,2569),(78,2570),(78,2571),(78,2572),(78,2573),(78,2574),(78,2575),(78,2576),(78,2577),(78,2578),(78,2579),(78,2580),(78,2581),(78,2582),(78,2583),(78,2584),(78,2585),(78,2586),(78,2587),(78,2588),(78,2589),(79,2590),(79,2591),(79,2592),(79,2593),(79,2594),(79,2595),(79,2596),(79,2597),(79,2598),(79,2599),(79,2600),(79,2601),(79,2602),(79,2603),(79,2604),(79,2605),(79,2606),(79,2607),(79,2608),(79,2609),(79,2610),(79,2611),(79,2612),(79,2613),(79,2614),(79,2615),(79,2616),(79,2617),(79,2618),(79,2619),(79,2620),(79,2621),(79,2622),(79,2623),(79,2624),(79,2625),(79,2626),(79,2627),(79,2628),(79,2629),(79,2630),(79,2631),(79,2632),(79,2633),(79,2634),(79,2635),(79,2636),(79,2637),(79,2638),(79,2639),(79,2640),(79,2641),(79,2642),(80,2643),(80,2644),(80,2645),(80,2646),(80,2647),(80,2648),(80,2649),(80,2650),(80,2651),(80,2652),(80,2653),(80,2654),(80,2655),(80,2656),(80,2657),(80,2658),(80,2659),(80,2660),(80,2661),(80,2662),(80,2663),(80,2664),(80,2665),(80,2666),(80,2667),(80,2668),(80,2669),(80,2670),(80,2671),(80,2672),(80,2673),(80,2674),(80,2675),(80,2676),(80,2677),(80,2678);
/*!40000 ALTER TABLE `ratingstatus_ratings` ENABLE KEYS */;
UNLOCK TABLES;

--
-- Table structure for table `roles`
--

DROP TABLE IF EXISTS `roles`;
/*!40101 SET @saved_cs_client     = @@character_set_client */;
/*!50503 SET character_set_client = utf8mb4 */;
CREATE TABLE `roles` (
  `id` int NOT NULL AUTO_INCREMENT,
  `name` enum('ROLE_ADMIN','ROLE_MODERATOR','ROLE_USER') DEFAULT NULL,
  PRIMARY KEY (`id`)
) ENGINE=InnoDB AUTO_INCREMENT=4 DEFAULT CHARSET=utf8mb4 COLLATE=utf8mb4_0900_ai_ci;
/*!40101 SET character_set_client = @saved_cs_client */;

--
-- Dumping data for table `roles`
--

LOCK TABLES `roles` WRITE;
/*!40000 ALTER TABLE `roles` DISABLE KEYS */;
INSERT INTO `roles` VALUES (1,'ROLE_ADMIN'),(2,'ROLE_USER'),(3,'ROLE_MODERATOR');
/*!40000 ALTER TABLE `roles` ENABLE KEYS */;
UNLOCK TABLES;

--
-- Table structure for table `user_roles`
--

DROP TABLE IF EXISTS `user_roles`;
/*!40101 SET @saved_cs_client     = @@character_set_client */;
/*!50503 SET character_set_client = utf8mb4 */;
CREATE TABLE `user_roles` (
  `user_id` bigint NOT NULL,
  `role_id` int NOT NULL,
  PRIMARY KEY (`user_id`,`role_id`),
  KEY `FKh8ciramu9cc9q3qcqiv4ue8a6` (`role_id`),
  CONSTRAINT `FKh8ciramu9cc9q3qcqiv4ue8a6` FOREIGN KEY (`role_id`) REFERENCES `roles` (`id`),
  CONSTRAINT `FKhfh9dx7w3ubf1co1vdev94g3f` FOREIGN KEY (`user_id`) REFERENCES `users` (`id`)
) ENGINE=InnoDB DEFAULT CHARSET=utf8mb4 COLLATE=utf8mb4_0900_ai_ci;
/*!40101 SET character_set_client = @saved_cs_client */;

--
-- Dumping data for table `user_roles`
--

LOCK TABLES `user_roles` WRITE;
/*!40000 ALTER TABLE `user_roles` DISABLE KEYS */;
INSERT INTO `user_roles` VALUES (2,1),(1,2);
/*!40000 ALTER TABLE `user_roles` ENABLE KEYS */;
UNLOCK TABLES;

--
-- Table structure for table `users`
--

DROP TABLE IF EXISTS `users`;
/*!40101 SET @saved_cs_client     = @@character_set_client */;
/*!50503 SET character_set_client = utf8mb4 */;
CREATE TABLE `users` (
  `id` bigint NOT NULL AUTO_INCREMENT,
  `email` varchar(50) DEFAULT NULL,
  `password` varchar(120) DEFAULT NULL,
  `username` varchar(20) DEFAULT NULL,
  PRIMARY KEY (`id`),
  UNIQUE KEY `UKr43af9ap4edm43mmtq01oddj6` (`username`),
  UNIQUE KEY `UK6dotkott2kjsp8vw4d0m25fb7` (`email`)
) ENGINE=InnoDB AUTO_INCREMENT=3 DEFAULT CHARSET=utf8mb4 COLLATE=utf8mb4_0900_ai_ci;
/*!40101 SET character_set_client = @saved_cs_client */;

--
-- Dumping data for table `users`
--

LOCK TABLES `users` WRITE;
/*!40000 ALTER TABLE `users` DISABLE KEYS */;
INSERT INTO `users` VALUES (1,'tung@gmail.com','$2a$10$CXaZhnlmTpdsJy.aGE.0PuFybBMVQWKMxoOjThQQh6qSsOdxsLAL2','tung'),(2,'admin@gmail.com','$2a$10$I9KVAZw2AmflBFLSFw57iem.7AfBKutwDdbh7hIwRuwyUkpiRdsyO','admin');
/*!40000 ALTER TABLE `users` ENABLE KEYS */;
UNLOCK TABLES;
/*!40103 SET TIME_ZONE=@OLD_TIME_ZONE */;

/*!40101 SET SQL_MODE=@OLD_SQL_MODE */;
/*!40014 SET FOREIGN_KEY_CHECKS=@OLD_FOREIGN_KEY_CHECKS */;
/*!40014 SET UNIQUE_CHECKS=@OLD_UNIQUE_CHECKS */;
/*!40101 SET CHARACTER_SET_CLIENT=@OLD_CHARACTER_SET_CLIENT */;
/*!40101 SET CHARACTER_SET_RESULTS=@OLD_CHARACTER_SET_RESULTS */;
/*!40101 SET COLLATION_CONNECTION=@OLD_COLLATION_CONNECTION */;
/*!40111 SET SQL_NOTES=@OLD_SQL_NOTES */;

-- Dump completed on 2024-06-07 22:42:14
